scenario_id,rec_rate,bottleneck_size,est,sampling_proportion,outbreak_size,n_populations,migration_rate
MIG001_very_low_tight_moderate_mlow,1e-09,1,0.3,0.05,1000,3,0.001
MIG002_very_low_tight_moderate_mlow,1e-09,1,0.3,0.05,1000,3,0.001
MIG003_very_low_tight_moderate_mlow,1e-09,1,0.3,0.05,1000,3,0.001
MIG004_very_low_tight_moderate_mlow,1e-09,1,0.3,0.05,1000,3,0.001
MIG005_very_low_tight_moderate_mlow,1e-09,1,0.3,0.05,1000,3,0.001
MIG006_very_low_tight_moderate_mlow,1e-09,1,0.3,0.05,1000,3,0.001
MIG007_very_low_tight_moderate_mlow,1e-09,1,0.3,0.05,1000,3,0.001
MIG008_very_low_tight_moderate_mlow,1e-09,1,0.3,0.05,1000,3,0.001
MIG009_very_low_tight_moderate_mlow,1e-09,1,0.3,0.05,1000,3,0.001
MIG010_very_low_tight_moderate_mlow,1e-09,1,0.3,0.05,1000,3,0.001
MIG011_very_low_tight_moderate_mlow,1e-09,1,0.3,0.05,1000,3,0.001
MIG012_very_low_tight_moderate_mlow,1e-09,1,0.3,0.05,1000,3,0.001
MIG013_very_low_tight_moderate_mlow,1e-09,1,0.3,0.05,1000,3,0.001
MIG014_very_low_tight_moderate_mlow,1e-09,1,0.3,0.05,1000,3,0.001
MIG015_very_low_tight_moderate_mlow,1e-09,1,0.3,0.05,1000,3,0.001
MIG016_very_low_tight_moderate_mlow,1e-09,1,0.3,0.05,1000,3,0.001
MIG017_very_low_tight_moderate_mlow,1e-09,1,0.3,0.05,1000,3,0.001
MIG018_very_low_tight_moderate_mlow,1e-09,1,0.3,0.05,1000,3,0.001
MIG019_very_low_tight_moderate_mlow,1e-09,1,0.3,0.05,1000,3,0.001
MIG020_very_low_tight_moderate_mlow,1e-09,1,0.3,0.05,1000,3,0.001
MIG021_very_low_tight_moderate_mlow,1e-09,1,0.3,0.1,1000,3,0.001
MIG022_very_low_tight_moderate_mlow,1e-09,1,0.3,0.1,1000,3,0.001
MIG023_very_low_tight_moderate_mlow,1e-09,1,0.3,0.1,1000,3,0.001
MIG024_very_low_tight_moderate_mlow,1e-09,1,0.3,0.1,1000,3,0.001
MIG025_very_low_tight_moderate_mlow,1e-09,1,0.3,0.1,1000,3,0.001
MIG026_very_low_tight_moderate_mlow,1e-09,1,0.3,0.1,1000,3,0.001
MIG027_very_low_tight_moderate_mlow,1e-09,1,0.3,0.1,1000,3,0.001
MIG028_very_low_tight_moderate_mlow,1e-09,1,0.3,0.1,1000,3,0.001
MIG029_very_low_tight_moderate_mlow,1e-09,1,0.3,0.1,1000,3,0.001
MIG030_very_low_tight_moderate_mlow,1e-09,1,0.3,0.1,1000,3,0.001
MIG031_very_low_tight_moderate_mlow,1e-09,1,0.3,0.1,1000,3,0.001
MIG032_very_low_tight_moderate_mlow,1e-09,1,0.3,0.1,1000,3,0.001
MIG033_very_low_tight_moderate_mlow,1e-09,1,0.3,0.1,1000,3,0.001
MIG034_very_low_tight_moderate_mlow,1e-09,1,0.3,0.1,1000,3,0.001
MIG035_very_low_tight_moderate_mlow,1e-09,1,0.3,0.1,1000,3,0.001
MIG036_very_low_tight_moderate_mlow,1e-09,1,0.3,0.1,1000,3,0.001
MIG037_very_low_tight_moderate_mlow,1e-09,1,0.3,0.1,1000,3,0.001
MIG038_very_low_tight_moderate_mlow,1e-09,1,0.3,0.1,1000,3,0.001
MIG039_very_low_tight_moderate_mlow,1e-09,1,0.3,0.1,1000,3,0.001
MIG040_very_low_tight_moderate_mlow,1e-09,1,0.3,0.1,1000,3,0.001
MIG041_very_low_tight_moderate_mlow,1e-09,1,0.3,0.2,1000,3,0.001
MIG042_very_low_tight_moderate_mlow,1e-09,1,0.3,0.2,1000,3,0.001
MIG043_very_low_tight_moderate_mlow,1e-09,1,0.3,0.2,1000,3,0.001
MIG044_very_low_tight_moderate_mlow,1e-09,1,0.3,0.2,1000,3,0.001
MIG045_very_low_tight_moderate_mlow,1e-09,1,0.3,0.2,1000,3,0.001
MIG046_very_low_tight_moderate_mlow,1e-09,1,0.3,0.2,1000,3,0.001
MIG047_very_low_tight_moderate_mlow,1e-09,1,0.3,0.2,1000,3,0.001
MIG048_very_low_tight_moderate_mlow,1e-09,1,0.3,0.2,1000,3,0.001
MIG049_very_low_tight_moderate_mlow,1e-09,1,0.3,0.2,1000,3,0.001
MIG050_very_low_tight_moderate_mlow,1e-09,1,0.3,0.2,1000,3,0.001
MIG051_very_low_tight_moderate_mlow,1e-09,1,0.3,0.2,1000,3,0.001
MIG052_very_low_tight_moderate_mlow,1e-09,1,0.3,0.2,1000,3,0.001
MIG053_very_low_tight_moderate_mlow,1e-09,1,0.3,0.2,1000,3,0.001
MIG054_very_low_tight_moderate_mlow,1e-09,1,0.3,0.2,1000,3,0.001
MIG055_very_low_tight_moderate_mlow,1e-09,1,0.3,0.2,1000,3,0.001
MIG056_very_low_tight_moderate_mlow,1e-09,1,0.3,0.2,1000,3,0.001
MIG057_very_low_tight_moderate_mlow,1e-09,1,0.3,0.2,1000,3,0.001
MIG058_very_low_tight_moderate_mlow,1e-09,1,0.3,0.2,1000,3,0.001
MIG059_very_low_tight_moderate_mlow,1e-09,1,0.3,0.2,1000,3,0.001
MIG060_very_low_tight_moderate_mlow,1e-09,1,0.3,0.2,1000,3,0.001
MIG061_very_low_tight_moderate_mmedium,1e-09,1,0.3,0.05,1000,3,0.01
MIG062_very_low_tight_moderate_mmedium,1e-09,1,0.3,0.05,1000,3,0.01
MIG063_very_low_tight_moderate_mmedium,1e-09,1,0.3,0.05,1000,3,0.01
MIG064_very_low_tight_moderate_mmedium,1e-09,1,0.3,0.05,1000,3,0.01
MIG065_very_low_tight_moderate_mmedium,1e-09,1,0.3,0.05,1000,3,0.01
MIG066_very_low_tight_moderate_mmedium,1e-09,1,0.3,0.05,1000,3,0.01
MIG067_very_low_tight_moderate_mmedium,1e-09,1,0.3,0.05,1000,3,0.01
MIG068_very_low_tight_moderate_mmedium,1e-09,1,0.3,0.05,1000,3,0.01
MIG069_very_low_tight_moderate_mmedium,1e-09,1,0.3,0.05,1000,3,0.01
MIG070_very_low_tight_moderate_mmedium,1e-09,1,0.3,0.05,1000,3,0.01
MIG071_very_low_tight_moderate_mmedium,1e-09,1,0.3,0.05,1000,3,0.01
MIG072_very_low_tight_moderate_mmedium,1e-09,1,0.3,0.05,1000,3,0.01
MIG073_very_low_tight_moderate_mmedium,1e-09,1,0.3,0.05,1000,3,0.01
MIG074_very_low_tight_moderate_mmedium,1e-09,1,0.3,0.05,1000,3,0.01
MIG075_very_low_tight_moderate_mmedium,1e-09,1,0.3,0.05,1000,3,0.01
MIG076_very_low_tight_moderate_mmedium,1e-09,1,0.3,0.05,1000,3,0.01
MIG077_very_low_tight_moderate_mmedium,1e-09,1,0.3,0.05,1000,3,0.01
MIG078_very_low_tight_moderate_mmedium,1e-09,1,0.3,0.05,1000,3,0.01
MIG079_very_low_tight_moderate_mmedium,1e-09,1,0.3,0.05,1000,3,0.01
MIG080_very_low_tight_moderate_mmedium,1e-09,1,0.3,0.05,1000,3,0.01
MIG081_very_low_tight_moderate_mmedium,1e-09,1,0.3,0.1,1000,3,0.01
MIG082_very_low_tight_moderate_mmedium,1e-09,1,0.3,0.1,1000,3,0.01
MIG083_very_low_tight_moderate_mmedium,1e-09,1,0.3,0.1,1000,3,0.01
MIG084_very_low_tight_moderate_mmedium,1e-09,1,0.3,0.1,1000,3,0.01
MIG085_very_low_tight_moderate_mmedium,1e-09,1,0.3,0.1,1000,3,0.01
MIG086_very_low_tight_moderate_mmedium,1e-09,1,0.3,0.1,1000,3,0.01
MIG087_very_low_tight_moderate_mmedium,1e-09,1,0.3,0.1,1000,3,0.01
MIG088_very_low_tight_moderate_mmedium,1e-09,1,0.3,0.1,1000,3,0.01
MIG089_very_low_tight_moderate_mmedium,1e-09,1,0.3,0.1,1000,3,0.01
MIG090_very_low_tight_moderate_mmedium,1e-09,1,0.3,0.1,1000,3,0.01
MIG091_very_low_tight_moderate_mmedium,1e-09,1,0.3,0.1,1000,3,0.01
MIG092_very_low_tight_moderate_mmedium,1e-09,1,0.3,0.1,1000,3,0.01
MIG093_very_low_tight_moderate_mmedium,1e-09,1,0.3,0.1,1000,3,0.01
MIG094_very_low_tight_moderate_mmedium,1e-09,1,0.3,0.1,1000,3,0.01
MIG095_very_low_tight_moderate_mmedium,1e-09,1,0.3,0.1,1000,3,0.01
MIG096_very_low_tight_moderate_mmedium,1e-09,1,0.3,0.1,1000,3,0.01
MIG097_very_low_tight_moderate_mmedium,1e-09,1,0.3,0.1,1000,3,0.01
MIG098_very_low_tight_moderate_mmedium,1e-09,1,0.3,0.1,1000,3,0.01
MIG099_very_low_tight_moderate_mmedium,1e-09,1,0.3,0.1,1000,3,0.01
MIG100_very_low_tight_moderate_mmedium,1e-09,1,0.3,0.1,1000,3,0.01
MIG101_very_low_tight_moderate_mmedium,1e-09,1,0.3,0.2,1000,3,0.01
MIG102_very_low_tight_moderate_mmedium,1e-09,1,0.3,0.2,1000,3,0.01
MIG103_very_low_tight_moderate_mmedium,1e-09,1,0.3,0.2,1000,3,0.01
MIG104_very_low_tight_moderate_mmedium,1e-09,1,0.3,0.2,1000,3,0.01
MIG105_very_low_tight_moderate_mmedium,1e-09,1,0.3,0.2,1000,3,0.01
MIG106_very_low_tight_moderate_mmedium,1e-09,1,0.3,0.2,1000,3,0.01
MIG107_very_low_tight_moderate_mmedium,1e-09,1,0.3,0.2,1000,3,0.01
MIG108_very_low_tight_moderate_mmedium,1e-09,1,0.3,0.2,1000,3,0.01
MIG109_very_low_tight_moderate_mmedium,1e-09,1,0.3,0.2,1000,3,0.01
MIG110_very_low_tight_moderate_mmedium,1e-09,1,0.3,0.2,1000,3,0.01
MIG111_very_low_tight_moderate_mmedium,1e-09,1,0.3,0.2,1000,3,0.01
MIG112_very_low_tight_moderate_mmedium,1e-09,1,0.3,0.2,1000,3,0.01
MIG113_very_low_tight_moderate_mmedium,1e-09,1,0.3,0.2,1000,3,0.01
MIG114_very_low_tight_moderate_mmedium,1e-09,1,0.3,0.2,1000,3,0.01
MIG115_very_low_tight_moderate_mmedium,1e-09,1,0.3,0.2,1000,3,0.01
MIG116_very_low_tight_moderate_mmedium,1e-09,1,0.3,0.2,1000,3,0.01
MIG117_very_low_tight_moderate_mmedium,1e-09,1,0.3,0.2,1000,3,0.01
MIG118_very_low_tight_moderate_mmedium,1e-09,1,0.3,0.2,1000,3,0.01
MIG119_very_low_tight_moderate_mmedium,1e-09,1,0.3,0.2,1000,3,0.01
MIG120_very_low_tight_moderate_mmedium,1e-09,1,0.3,0.2,1000,3,0.01
MIG121_very_low_tight_moderate_mhigh,1e-09,1,0.3,0.05,1000,3,0.05
MIG122_very_low_tight_moderate_mhigh,1e-09,1,0.3,0.05,1000,3,0.05
MIG123_very_low_tight_moderate_mhigh,1e-09,1,0.3,0.05,1000,3,0.05
MIG124_very_low_tight_moderate_mhigh,1e-09,1,0.3,0.05,1000,3,0.05
MIG125_very_low_tight_moderate_mhigh,1e-09,1,0.3,0.05,1000,3,0.05
MIG126_very_low_tight_moderate_mhigh,1e-09,1,0.3,0.05,1000,3,0.05
MIG127_very_low_tight_moderate_mhigh,1e-09,1,0.3,0.05,1000,3,0.05
MIG128_very_low_tight_moderate_mhigh,1e-09,1,0.3,0.05,1000,3,0.05
MIG129_very_low_tight_moderate_mhigh,1e-09,1,0.3,0.05,1000,3,0.05
MIG130_very_low_tight_moderate_mhigh,1e-09,1,0.3,0.05,1000,3,0.05
MIG131_very_low_tight_moderate_mhigh,1e-09,1,0.3,0.05,1000,3,0.05
MIG132_very_low_tight_moderate_mhigh,1e-09,1,0.3,0.05,1000,3,0.05
MIG133_very_low_tight_moderate_mhigh,1e-09,1,0.3,0.05,1000,3,0.05
MIG134_very_low_tight_moderate_mhigh,1e-09,1,0.3,0.05,1000,3,0.05
MIG135_very_low_tight_moderate_mhigh,1e-09,1,0.3,0.05,1000,3,0.05
MIG136_very_low_tight_moderate_mhigh,1e-09,1,0.3,0.05,1000,3,0.05
MIG137_very_low_tight_moderate_mhigh,1e-09,1,0.3,0.05,1000,3,0.05
MIG138_very_low_tight_moderate_mhigh,1e-09,1,0.3,0.05,1000,3,0.05
MIG139_very_low_tight_moderate_mhigh,1e-09,1,0.3,0.05,1000,3,0.05
MIG140_very_low_tight_moderate_mhigh,1e-09,1,0.3,0.05,1000,3,0.05
MIG141_very_low_tight_moderate_mhigh,1e-09,1,0.3,0.1,1000,3,0.05
MIG142_very_low_tight_moderate_mhigh,1e-09,1,0.3,0.1,1000,3,0.05
MIG143_very_low_tight_moderate_mhigh,1e-09,1,0.3,0.1,1000,3,0.05
MIG144_very_low_tight_moderate_mhigh,1e-09,1,0.3,0.1,1000,3,0.05
MIG145_very_low_tight_moderate_mhigh,1e-09,1,0.3,0.1,1000,3,0.05
MIG146_very_low_tight_moderate_mhigh,1e-09,1,0.3,0.1,1000,3,0.05
MIG147_very_low_tight_moderate_mhigh,1e-09,1,0.3,0.1,1000,3,0.05
MIG148_very_low_tight_moderate_mhigh,1e-09,1,0.3,0.1,1000,3,0.05
MIG149_very_low_tight_moderate_mhigh,1e-09,1,0.3,0.1,1000,3,0.05
MIG150_very_low_tight_moderate_mhigh,1e-09,1,0.3,0.1,1000,3,0.05
MIG151_very_low_tight_moderate_mhigh,1e-09,1,0.3,0.1,1000,3,0.05
MIG152_very_low_tight_moderate_mhigh,1e-09,1,0.3,0.1,1000,3,0.05
MIG153_very_low_tight_moderate_mhigh,1e-09,1,0.3,0.1,1000,3,0.05
MIG154_very_low_tight_moderate_mhigh,1e-09,1,0.3,0.1,1000,3,0.05
MIG155_very_low_tight_moderate_mhigh,1e-09,1,0.3,0.1,1000,3,0.05
MIG156_very_low_tight_moderate_mhigh,1e-09,1,0.3,0.1,1000,3,0.05
MIG157_very_low_tight_moderate_mhigh,1e-09,1,0.3,0.1,1000,3,0.05
MIG158_very_low_tight_moderate_mhigh,1e-09,1,0.3,0.1,1000,3,0.05
MIG159_very_low_tight_moderate_mhigh,1e-09,1,0.3,0.1,1000,3,0.05
MIG160_very_low_tight_moderate_mhigh,1e-09,1,0.3,0.1,1000,3,0.05
MIG161_very_low_tight_moderate_mhigh,1e-09,1,0.3,0.2,1000,3,0.05
MIG162_very_low_tight_moderate_mhigh,1e-09,1,0.3,0.2,1000,3,0.05
MIG163_very_low_tight_moderate_mhigh,1e-09,1,0.3,0.2,1000,3,0.05
MIG164_very_low_tight_moderate_mhigh,1e-09,1,0.3,0.2,1000,3,0.05
MIG165_very_low_tight_moderate_mhigh,1e-09,1,0.3,0.2,1000,3,0.05
MIG166_very_low_tight_moderate_mhigh,1e-09,1,0.3,0.2,1000,3,0.05
MIG167_very_low_tight_moderate_mhigh,1e-09,1,0.3,0.2,1000,3,0.05
MIG168_very_low_tight_moderate_mhigh,1e-09,1,0.3,0.2,1000,3,0.05
MIG169_very_low_tight_moderate_mhigh,1e-09,1,0.3,0.2,1000,3,0.05
MIG170_very_low_tight_moderate_mhigh,1e-09,1,0.3,0.2,1000,3,0.05
MIG171_very_low_tight_moderate_mhigh,1e-09,1,0.3,0.2,1000,3,0.05
MIG172_very_low_tight_moderate_mhigh,1e-09,1,0.3,0.2,1000,3,0.05
MIG173_very_low_tight_moderate_mhigh,1e-09,1,0.3,0.2,1000,3,0.05
MIG174_very_low_tight_moderate_mhigh,1e-09,1,0.3,0.2,1000,3,0.05
MIG175_very_low_tight_moderate_mhigh,1e-09,1,0.3,0.2,1000,3,0.05
MIG176_very_low_tight_moderate_mhigh,1e-09,1,0.3,0.2,1000,3,0.05
MIG177_very_low_tight_moderate_mhigh,1e-09,1,0.3,0.2,1000,3,0.05
MIG178_very_low_tight_moderate_mhigh,1e-09,1,0.3,0.2,1000,3,0.05
MIG179_very_low_tight_moderate_mhigh,1e-09,1,0.3,0.2,1000,3,0.05
MIG180_very_low_tight_moderate_mhigh,1e-09,1,0.3,0.2,1000,3,0.05
MIG181_low_medium_moderate_mlow,1e-08,5,0.3,0.05,1000,3,0.001
MIG182_low_medium_moderate_mlow,1e-08,5,0.3,0.05,1000,3,0.001
MIG183_low_medium_moderate_mlow,1e-08,5,0.3,0.05,1000,3,0.001
MIG184_low_medium_moderate_mlow,1e-08,5,0.3,0.05,1000,3,0.001
MIG185_low_medium_moderate_mlow,1e-08,5,0.3,0.05,1000,3,0.001
MIG186_low_medium_moderate_mlow,1e-08,5,0.3,0.05,1000,3,0.001
MIG187_low_medium_moderate_mlow,1e-08,5,0.3,0.05,1000,3,0.001
MIG188_low_medium_moderate_mlow,1e-08,5,0.3,0.05,1000,3,0.001
MIG189_low_medium_moderate_mlow,1e-08,5,0.3,0.05,1000,3,0.001
MIG190_low_medium_moderate_mlow,1e-08,5,0.3,0.05,1000,3,0.001
MIG191_low_medium_moderate_mlow,1e-08,5,0.3,0.05,1000,3,0.001
MIG192_low_medium_moderate_mlow,1e-08,5,0.3,0.05,1000,3,0.001
MIG193_low_medium_moderate_mlow,1e-08,5,0.3,0.05,1000,3,0.001
MIG194_low_medium_moderate_mlow,1e-08,5,0.3,0.05,1000,3,0.001
MIG195_low_medium_moderate_mlow,1e-08,5,0.3,0.05,1000,3,0.001
MIG196_low_medium_moderate_mlow,1e-08,5,0.3,0.05,1000,3,0.001
MIG197_low_medium_moderate_mlow,1e-08,5,0.3,0.05,1000,3,0.001
MIG198_low_medium_moderate_mlow,1e-08,5,0.3,0.05,1000,3,0.001
MIG199_low_medium_moderate_mlow,1e-08,5,0.3,0.05,1000,3,0.001
MIG200_low_medium_moderate_mlow,1e-08,5,0.3,0.05,1000,3,0.001
MIG201_low_medium_moderate_mlow,1e-08,5,0.3,0.1,1000,3,0.001
MIG202_low_medium_moderate_mlow,1e-08,5,0.3,0.1,1000,3,0.001
MIG203_low_medium_moderate_mlow,1e-08,5,0.3,0.1,1000,3,0.001
MIG204_low_medium_moderate_mlow,1e-08,5,0.3,0.1,1000,3,0.001
MIG205_low_medium_moderate_mlow,1e-08,5,0.3,0.1,1000,3,0.001
MIG206_low_medium_moderate_mlow,1e-08,5,0.3,0.1,1000,3,0.001
MIG207_low_medium_moderate_mlow,1e-08,5,0.3,0.1,1000,3,0.001
MIG208_low_medium_moderate_mlow,1e-08,5,0.3,0.1,1000,3,0.001
MIG209_low_medium_moderate_mlow,1e-08,5,0.3,0.1,1000,3,0.001
MIG210_low_medium_moderate_mlow,1e-08,5,0.3,0.1,1000,3,0.001
MIG211_low_medium_moderate_mlow,1e-08,5,0.3,0.1,1000,3,0.001
MIG212_low_medium_moderate_mlow,1e-08,5,0.3,0.1,1000,3,0.001
MIG213_low_medium_moderate_mlow,1e-08,5,0.3,0.1,1000,3,0.001
MIG214_low_medium_moderate_mlow,1e-08,5,0.3,0.1,1000,3,0.001
MIG215_low_medium_moderate_mlow,1e-08,5,0.3,0.1,1000,3,0.001
MIG216_low_medium_moderate_mlow,1e-08,5,0.3,0.1,1000,3,0.001
MIG217_low_medium_moderate_mlow,1e-08,5,0.3,0.1,1000,3,0.001
MIG218_low_medium_moderate_mlow,1e-08,5,0.3,0.1,1000,3,0.001
MIG219_low_medium_moderate_mlow,1e-08,5,0.3,0.1,1000,3,0.001
MIG220_low_medium_moderate_mlow,1e-08,5,0.3,0.1,1000,3,0.001
MIG221_low_medium_moderate_mlow,1e-08,5,0.3,0.2,1000,3,0.001
MIG222_low_medium_moderate_mlow,1e-08,5,0.3,0.2,1000,3,0.001
MIG223_low_medium_moderate_mlow,1e-08,5,0.3,0.2,1000,3,0.001
MIG224_low_medium_moderate_mlow,1e-08,5,0.3,0.2,1000,3,0.001
MIG225_low_medium_moderate_mlow,1e-08,5,0.3,0.2,1000,3,0.001
MIG226_low_medium_moderate_mlow,1e-08,5,0.3,0.2,1000,3,0.001
MIG227_low_medium_moderate_mlow,1e-08,5,0.3,0.2,1000,3,0.001
MIG228_low_medium_moderate_mlow,1e-08,5,0.3,0.2,1000,3,0.001
MIG229_low_medium_moderate_mlow,1e-08,5,0.3,0.2,1000,3,0.001
MIG230_low_medium_moderate_mlow,1e-08,5,0.3,0.2,1000,3,0.001
MIG231_low_medium_moderate_mlow,1e-08,5,0.3,0.2,1000,3,0.001
MIG232_low_medium_moderate_mlow,1e-08,5,0.3,0.2,1000,3,0.001
MIG233_low_medium_moderate_mlow,1e-08,5,0.3,0.2,1000,3,0.001
MIG234_low_medium_moderate_mlow,1e-08,5,0.3,0.2,1000,3,0.001
MIG235_low_medium_moderate_mlow,1e-08,5,0.3,0.2,1000,3,0.001
MIG236_low_medium_moderate_mlow,1e-08,5,0.3,0.2,1000,3,0.001
MIG237_low_medium_moderate_mlow,1e-08,5,0.3,0.2,1000,3,0.001
MIG238_low_medium_moderate_mlow,1e-08,5,0.3,0.2,1000,3,0.001
MIG239_low_medium_moderate_mlow,1e-08,5,0.3,0.2,1000,3,0.001
MIG240_low_medium_moderate_mlow,1e-08,5,0.3,0.2,1000,3,0.001
MIG241_low_medium_moderate_mmedium,1e-08,5,0.3,0.05,1000,3,0.01
MIG242_low_medium_moderate_mmedium,1e-08,5,0.3,0.05,1000,3,0.01
MIG243_low_medium_moderate_mmedium,1e-08,5,0.3,0.05,1000,3,0.01
MIG244_low_medium_moderate_mmedium,1e-08,5,0.3,0.05,1000,3,0.01
MIG245_low_medium_moderate_mmedium,1e-08,5,0.3,0.05,1000,3,0.01
MIG246_low_medium_moderate_mmedium,1e-08,5,0.3,0.05,1000,3,0.01
MIG247_low_medium_moderate_mmedium,1e-08,5,0.3,0.05,1000,3,0.01
MIG248_low_medium_moderate_mmedium,1e-08,5,0.3,0.05,1000,3,0.01
MIG249_low_medium_moderate_mmedium,1e-08,5,0.3,0.05,1000,3,0.01
MIG250_low_medium_moderate_mmedium,1e-08,5,0.3,0.05,1000,3,0.01
MIG251_low_medium_moderate_mmedium,1e-08,5,0.3,0.05,1000,3,0.01
MIG252_low_medium_moderate_mmedium,1e-08,5,0.3,0.05,1000,3,0.01
MIG253_low_medium_moderate_mmedium,1e-08,5,0.3,0.05,1000,3,0.01
MIG254_low_medium_moderate_mmedium,1e-08,5,0.3,0.05,1000,3,0.01
MIG255_low_medium_moderate_mmedium,1e-08,5,0.3,0.05,1000,3,0.01
MIG256_low_medium_moderate_mmedium,1e-08,5,0.3,0.05,1000,3,0.01
MIG257_low_medium_moderate_mmedium,1e-08,5,0.3,0.05,1000,3,0.01
MIG258_low_medium_moderate_mmedium,1e-08,5,0.3,0.05,1000,3,0.01
MIG259_low_medium_moderate_mmedium,1e-08,5,0.3,0.05,1000,3,0.01
MIG260_low_medium_moderate_mmedium,1e-08,5,0.3,0.05,1000,3,0.01
MIG261_low_medium_moderate_mmedium,1e-08,5,0.3,0.1,1000,3,0.01
MIG262_low_medium_moderate_mmedium,1e-08,5,0.3,0.1,1000,3,0.01
MIG263_low_medium_moderate_mmedium,1e-08,5,0.3,0.1,1000,3,0.01
MIG264_low_medium_moderate_mmedium,1e-08,5,0.3,0.1,1000,3,0.01
MIG265_low_medium_moderate_mmedium,1e-08,5,0.3,0.1,1000,3,0.01
MIG266_low_medium_moderate_mmedium,1e-08,5,0.3,0.1,1000,3,0.01
MIG267_low_medium_moderate_mmedium,1e-08,5,0.3,0.1,1000,3,0.01
MIG268_low_medium_moderate_mmedium,1e-08,5,0.3,0.1,1000,3,0.01
MIG269_low_medium_moderate_mmedium,1e-08,5,0.3,0.1,1000,3,0.01
MIG270_low_medium_moderate_mmedium,1e-08,5,0.3,0.1,1000,3,0.01
MIG271_low_medium_moderate_mmedium,1e-08,5,0.3,0.1,1000,3,0.01
MIG272_low_medium_moderate_mmedium,1e-08,5,0.3,0.1,1000,3,0.01
MIG273_low_medium_moderate_mmedium,1e-08,5,0.3,0.1,1000,3,0.01
MIG274_low_medium_moderate_mmedium,1e-08,5,0.3,0.1,1000,3,0.01
MIG275_low_medium_moderate_mmedium,1e-08,5,0.3,0.1,1000,3,0.01
MIG276_low_medium_moderate_mmedium,1e-08,5,0.3,0.1,1000,3,0.01
MIG277_low_medium_moderate_mmedium,1e-08,5,0.3,0.1,1000,3,0.01
MIG278_low_medium_moderate_mmedium,1e-08,5,0.3,0.1,1000,3,0.01
MIG279_low_medium_moderate_mmedium,1e-08,5,0.3,0.1,1000,3,0.01
MIG280_low_medium_moderate_mmedium,1e-08,5,0.3,0.1,1000,3,0.01
MIG281_low_medium_moderate_mmedium,1e-08,5,0.3,0.2,1000,3,0.01
MIG282_low_medium_moderate_mmedium,1e-08,5,0.3,0.2,1000,3,0.01
MIG283_low_medium_moderate_mmedium,1e-08,5,0.3,0.2,1000,3,0.01
MIG284_low_medium_moderate_mmedium,1e-08,5,0.3,0.2,1000,3,0.01
MIG285_low_medium_moderate_mmedium,1e-08,5,0.3,0.2,1000,3,0.01
MIG286_low_medium_moderate_mmedium,1e-08,5,0.3,0.2,1000,3,0.01
MIG287_low_medium_moderate_mmedium,1e-08,5,0.3,0.2,1000,3,0.01
MIG288_low_medium_moderate_mmedium,1e-08,5,0.3,0.2,1000,3,0.01
MIG289_low_medium_moderate_mmedium,1e-08,5,0.3,0.2,1000,3,0.01
MIG290_low_medium_moderate_mmedium,1e-08,5,0.3,0.2,1000,3,0.01
MIG291_low_medium_moderate_mmedium,1e-08,5,0.3,0.2,1000,3,0.01
MIG292_low_medium_moderate_mmedium,1e-08,5,0.3,0.2,1000,3,0.01
MIG293_low_medium_moderate_mmedium,1e-08,5,0.3,0.2,1000,3,0.01
MIG294_low_medium_moderate_mmedium,1e-08,5,0.3,0.2,1000,3,0.01
MIG295_low_medium_moderate_mmedium,1e-08,5,0.3,0.2,1000,3,0.01
MIG296_low_medium_moderate_mmedium,1e-08,5,0.3,0.2,1000,3,0.01
MIG297_low_medium_moderate_mmedium,1e-08,5,0.3,0.2,1000,3,0.01
MIG298_low_medium_moderate_mmedium,1e-08,5,0.3,0.2,1000,3,0.01
MIG299_low_medium_moderate_mmedium,1e-08,5,0.3,0.2,1000,3,0.01
MIG300_low_medium_moderate_mmedium,1e-08,5,0.3,0.2,1000,3,0.01
MIG301_low_medium_moderate_mhigh,1e-08,5,0.3,0.05,1000,3,0.05
MIG302_low_medium_moderate_mhigh,1e-08,5,0.3,0.05,1000,3,0.05
MIG303_low_medium_moderate_mhigh,1e-08,5,0.3,0.05,1000,3,0.05
MIG304_low_medium_moderate_mhigh,1e-08,5,0.3,0.05,1000,3,0.05
MIG305_low_medium_moderate_mhigh,1e-08,5,0.3,0.05,1000,3,0.05
MIG306_low_medium_moderate_mhigh,1e-08,5,0.3,0.05,1000,3,0.05
MIG307_low_medium_moderate_mhigh,1e-08,5,0.3,0.05,1000,3,0.05
MIG308_low_medium_moderate_mhigh,1e-08,5,0.3,0.05,1000,3,0.05
MIG309_low_medium_moderate_mhigh,1e-08,5,0.3,0.05,1000,3,0.05
MIG310_low_medium_moderate_mhigh,1e-08,5,0.3,0.05,1000,3,0.05
MIG311_low_medium_moderate_mhigh,1e-08,5,0.3,0.05,1000,3,0.05
MIG312_low_medium_moderate_mhigh,1e-08,5,0.3,0.05,1000,3,0.05
MIG313_low_medium_moderate_mhigh,1e-08,5,0.3,0.05,1000,3,0.05
MIG314_low_medium_moderate_mhigh,1e-08,5,0.3,0.05,1000,3,0.05
MIG315_low_medium_moderate_mhigh,1e-08,5,0.3,0.05,1000,3,0.05
MIG316_low_medium_moderate_mhigh,1e-08,5,0.3,0.05,1000,3,0.05
MIG317_low_medium_moderate_mhigh,1e-08,5,0.3,0.05,1000,3,0.05
MIG318_low_medium_moderate_mhigh,1e-08,5,0.3,0.05,1000,3,0.05
MIG319_low_medium_moderate_mhigh,1e-08,5,0.3,0.05,1000,3,0.05
MIG320_low_medium_moderate_mhigh,1e-08,5,0.3,0.05,1000,3,0.05
MIG321_low_medium_moderate_mhigh,1e-08,5,0.3,0.1,1000,3,0.05
MIG322_low_medium_moderate_mhigh,1e-08,5,0.3,0.1,1000,3,0.05
MIG323_low_medium_moderate_mhigh,1e-08,5,0.3,0.1,1000,3,0.05
MIG324_low_medium_moderate_mhigh,1e-08,5,0.3,0.1,1000,3,0.05
MIG325_low_medium_moderate_mhigh,1e-08,5,0.3,0.1,1000,3,0.05
MIG326_low_medium_moderate_mhigh,1e-08,5,0.3,0.1,1000,3,0.05
MIG327_low_medium_moderate_mhigh,1e-08,5,0.3,0.1,1000,3,0.05
MIG328_low_medium_moderate_mhigh,1e-08,5,0.3,0.1,1000,3,0.05
MIG329_low_medium_moderate_mhigh,1e-08,5,0.3,0.1,1000,3,0.05
MIG330_low_medium_moderate_mhigh,1e-08,5,0.3,0.1,1000,3,0.05
MIG331_low_medium_moderate_mhigh,1e-08,5,0.3,0.1,1000,3,0.05
MIG332_low_medium_moderate_mhigh,1e-08,5,0.3,0.1,1000,3,0.05
MIG333_low_medium_moderate_mhigh,1e-08,5,0.3,0.1,1000,3,0.05
MIG334_low_medium_moderate_mhigh,1e-08,5,0.3,0.1,1000,3,0.05
MIG335_low_medium_moderate_mhigh,1e-08,5,0.3,0.1,1000,3,0.05
MIG336_low_medium_moderate_mhigh,1e-08,5,0.3,0.1,1000,3,0.05
MIG337_low_medium_moderate_mhigh,1e-08,5,0.3,0.1,1000,3,0.05
MIG338_low_medium_moderate_mhigh,1e-08,5,0.3,0.1,1000,3,0.05
MIG339_low_medium_moderate_mhigh,1e-08,5,0.3,0.1,1000,3,0.05
MIG340_low_medium_moderate_mhigh,1e-08,5,0.3,0.1,1000,3,0.05
MIG341_low_medium_moderate_mhigh,1e-08,5,0.3,0.2,1000,3,0.05
MIG342_low_medium_moderate_mhigh,1e-08,5,0.3,0.2,1000,3,0.05
MIG343_low_medium_moderate_mhigh,1e-08,5,0.3,0.2,1000,3,0.05
MIG344_low_medium_moderate_mhigh,1e-08,5,0.3,0.2,1000,3,0.05
MIG345_low_medium_moderate_mhigh,1e-08,5,0.3,0.2,1000,3,0.05
MIG346_low_medium_moderate_mhigh,1e-08,5,0.3,0.2,1000,3,0.05
MIG347_low_medium_moderate_mhigh,1e-08,5,0.3,0.2,1000,3,0.05
MIG348_low_medium_moderate_mhigh,1e-08,5,0.3,0.2,1000,3,0.05
MIG349_low_medium_moderate_mhigh,1e-08,5,0.3,0.2,1000,3,0.05
MIG350_low_medium_moderate_mhigh,1e-08,5,0.3,0.2,1000,3,0.05
MIG351_low_medium_moderate_mhigh,1e-08,5,0.3,0.2,1000,3,0.05
MIG352_low_medium_moderate_mhigh,1e-08,5,0.3,0.2,1000,3,0.05
MIG353_low_medium_moderate_mhigh,1e-08,5,0.3,0.2,1000,3,0.05
MIG354_low_medium_moderate_mhigh,1e-08,5,0.3,0.2,1000,3,0.05
MIG355_low_medium_moderate_mhigh,1e-08,5,0.3,0.2,1000,3,0.05
MIG356_low_medium_moderate_mhigh,1e-08,5,0.3,0.2,1000,3,0.05
MIG357_low_medium_moderate_mhigh,1e-08,5,0.3,0.2,1000,3,0.05
MIG358_low_medium_moderate_mhigh,1e-08,5,0.3,0.2,1000,3,0.05
MIG359_low_medium_moderate_mhigh,1e-08,5,0.3,0.2,1000,3,0.05
MIG360_low_medium_moderate_mhigh,1e-08,5,0.3,0.2,1000,3,0.05
MIG361_medium_loose_low_mlow,1e-07,20,0.145,0.05,1000,3,0.001
MIG362_medium_loose_low_mlow,1e-07,20,0.145,0.05,1000,3,0.001
MIG363_medium_loose_low_mlow,1e-07,20,0.145,0.05,1000,3,0.001
MIG364_medium_loose_low_mlow,1e-07,20,0.145,0.05,1000,3,0.001
MIG365_medium_loose_low_mlow,1e-07,20,0.145,0.05,1000,3,0.001
MIG366_medium_loose_low_mlow,1e-07,20,0.145,0.05,1000,3,0.001
MIG367_medium_loose_low_mlow,1e-07,20,0.145,0.05,1000,3,0.001
MIG368_medium_loose_low_mlow,1e-07,20,0.145,0.05,1000,3,0.001
MIG369_medium_loose_low_mlow,1e-07,20,0.145,0.05,1000,3,0.001
MIG370_medium_loose_low_mlow,1e-07,20,0.145,0.05,1000,3,0.001
MIG371_medium_loose_low_mlow,1e-07,20,0.145,0.05,1000,3,0.001
MIG372_medium_loose_low_mlow,1e-07,20,0.145,0.05,1000,3,0.001
MIG373_medium_loose_low_mlow,1e-07,20,0.145,0.05,1000,3,0.001
MIG374_medium_loose_low_mlow,1e-07,20,0.145,0.05,1000,3,0.001
MIG375_medium_loose_low_mlow,1e-07,20,0.145,0.05,1000,3,0.001
MIG376_medium_loose_low_mlow,1e-07,20,0.145,0.05,1000,3,0.001
MIG377_medium_loose_low_mlow,1e-07,20,0.145,0.05,1000,3,0.001
MIG378_medium_loose_low_mlow,1e-07,20,0.145,0.05,1000,3,0.001
MIG379_medium_loose_low_mlow,1e-07,20,0.145,0.05,1000,3,0.001
MIG380_medium_loose_low_mlow,1e-07,20,0.145,0.05,1000,3,0.001
MIG381_medium_loose_low_mlow,1e-07,20,0.145,0.1,1000,3,0.001
MIG382_medium_loose_low_mlow,1e-07,20,0.145,0.1,1000,3,0.001
MIG383_medium_loose_low_mlow,1e-07,20,0.145,0.1,1000,3,0.001
MIG384_medium_loose_low_mlow,1e-07,20,0.145,0.1,1000,3,0.001
MIG385_medium_loose_low_mlow,1e-07,20,0.145,0.1,1000,3,0.001
MIG386_medium_loose_low_mlow,1e-07,20,0.145,0.1,1000,3,0.001
MIG387_medium_loose_low_mlow,1e-07,20,0.145,0.1,1000,3,0.001
MIG388_medium_loose_low_mlow,1e-07,20,0.145,0.1,1000,3,0.001
MIG389_medium_loose_low_mlow,1e-07,20,0.145,0.1,1000,3,0.001
MIG390_medium_loose_low_mlow,1e-07,20,0.145,0.1,1000,3,0.001
MIG391_medium_loose_low_mlow,1e-07,20,0.145,0.1,1000,3,0.001
MIG392_medium_loose_low_mlow,1e-07,20,0.145,0.1,1000,3,0.001
MIG393_medium_loose_low_mlow,1e-07,20,0.145,0.1,1000,3,0.001
MIG394_medium_loose_low_mlow,1e-07,20,0.145,0.1,1000,3,0.001
MIG395_medium_loose_low_mlow,1e-07,20,0.145,0.1,1000,3,0.001
MIG396_medium_loose_low_mlow,1e-07,20,0.145,0.1,1000,3,0.001
MIG397_medium_loose_low_mlow,1e-07,20,0.145,0.1,1000,3,0.001
MIG398_medium_loose_low_mlow,1e-07,20,0.145,0.1,1000,3,0.001
MIG399_medium_loose_low_mlow,1e-07,20,0.145,0.1,1000,3,0.001
MIG400_medium_loose_low_mlow,1e-07,20,0.145,0.1,1000,3,0.001
MIG401_medium_loose_low_mlow,1e-07,20,0.145,0.2,1000,3,0.001
MIG402_medium_loose_low_mlow,1e-07,20,0.145,0.2,1000,3,0.001
MIG403_medium_loose_low_mlow,1e-07,20,0.145,0.2,1000,3,0.001
MIG404_medium_loose_low_mlow,1e-07,20,0.145,0.2,1000,3,0.001
MIG405_medium_loose_low_mlow,1e-07,20,0.145,0.2,1000,3,0.001
MIG406_medium_loose_low_mlow,1e-07,20,0.145,0.2,1000,3,0.001
MIG407_medium_loose_low_mlow,1e-07,20,0.145,0.2,1000,3,0.001
MIG408_medium_loose_low_mlow,1e-07,20,0.145,0.2,1000,3,0.001
MIG409_medium_loose_low_mlow,1e-07,20,0.145,0.2,1000,3,0.001
MIG410_medium_loose_low_mlow,1e-07,20,0.145,0.2,1000,3,0.001
MIG411_medium_loose_low_mlow,1e-07,20,0.145,0.2,1000,3,0.001
MIG412_medium_loose_low_mlow,1e-07,20,0.145,0.2,1000,3,0.001
MIG413_medium_loose_low_mlow,1e-07,20,0.145,0.2,1000,3,0.001
MIG414_medium_loose_low_mlow,1e-07,20,0.145,0.2,1000,3,0.001
MIG415_medium_loose_low_mlow,1e-07,20,0.145,0.2,1000,3,0.001
MIG416_medium_loose_low_mlow,1e-07,20,0.145,0.2,1000,3,0.001
MIG417_medium_loose_low_mlow,1e-07,20,0.145,0.2,1000,3,0.001
MIG418_medium_loose_low_mlow,1e-07,20,0.145,0.2,1000,3,0.001
MIG419_medium_loose_low_mlow,1e-07,20,0.145,0.2,1000,3,0.001
MIG420_medium_loose_low_mlow,1e-07,20,0.145,0.2,1000,3,0.001
MIG421_medium_loose_low_mmedium,1e-07,20,0.145,0.05,1000,3,0.01
MIG422_medium_loose_low_mmedium,1e-07,20,0.145,0.05,1000,3,0.01
MIG423_medium_loose_low_mmedium,1e-07,20,0.145,0.05,1000,3,0.01
MIG424_medium_loose_low_mmedium,1e-07,20,0.145,0.05,1000,3,0.01
MIG425_medium_loose_low_mmedium,1e-07,20,0.145,0.05,1000,3,0.01
MIG426_medium_loose_low_mmedium,1e-07,20,0.145,0.05,1000,3,0.01
MIG427_medium_loose_low_mmedium,1e-07,20,0.145,0.05,1000,3,0.01
MIG428_medium_loose_low_mmedium,1e-07,20,0.145,0.05,1000,3,0.01
MIG429_medium_loose_low_mmedium,1e-07,20,0.145,0.05,1000,3,0.01
MIG430_medium_loose_low_mmedium,1e-07,20,0.145,0.05,1000,3,0.01
MIG431_medium_loose_low_mmedium,1e-07,20,0.145,0.05,1000,3,0.01
MIG432_medium_loose_low_mmedium,1e-07,20,0.145,0.05,1000,3,0.01
MIG433_medium_loose_low_mmedium,1e-07,20,0.145,0.05,1000,3,0.01
MIG434_medium_loose_low_mmedium,1e-07,20,0.145,0.05,1000,3,0.01
MIG435_medium_loose_low_mmedium,1e-07,20,0.145,0.05,1000,3,0.01
MIG436_medium_loose_low_mmedium,1e-07,20,0.145,0.05,1000,3,0.01
MIG437_medium_loose_low_mmedium,1e-07,20,0.145,0.05,1000,3,0.01
MIG438_medium_loose_low_mmedium,1e-07,20,0.145,0.05,1000,3,0.01
MIG439_medium_loose_low_mmedium,1e-07,20,0.145,0.05,1000,3,0.01
MIG440_medium_loose_low_mmedium,1e-07,20,0.145,0.05,1000,3,0.01
MIG441_medium_loose_low_mmedium,1e-07,20,0.145,0.1,1000,3,0.01
MIG442_medium_loose_low_mmedium,1e-07,20,0.145,0.1,1000,3,0.01
MIG443_medium_loose_low_mmedium,1e-07,20,0.145,0.1,1000,3,0.01
MIG444_medium_loose_low_mmedium,1e-07,20,0.145,0.1,1000,3,0.01
MIG445_medium_loose_low_mmedium,1e-07,20,0.145,0.1,1000,3,0.01
MIG446_medium_loose_low_mmedium,1e-07,20,0.145,0.1,1000,3,0.01
MIG447_medium_loose_low_mmedium,1e-07,20,0.145,0.1,1000,3,0.01
MIG448_medium_loose_low_mmedium,1e-07,20,0.145,0.1,1000,3,0.01
MIG449_medium_loose_low_mmedium,1e-07,20,0.145,0.1,1000,3,0.01
MIG450_medium_loose_low_mmedium,1e-07,20,0.145,0.1,1000,3,0.01
MIG451_medium_loose_low_mmedium,1e-07,20,0.145,0.1,1000,3,0.01
MIG452_medium_loose_low_mmedium,1e-07,20,0.145,0.1,1000,3,0.01
MIG453_medium_loose_low_mmedium,1e-07,20,0.145,0.1,1000,3,0.01
MIG454_medium_loose_low_mmedium,1e-07,20,0.145,0.1,1000,3,0.01
MIG455_medium_loose_low_mmedium,1e-07,20,0.145,0.1,1000,3,0.01
MIG456_medium_loose_low_mmedium,1e-07,20,0.145,0.1,1000,3,0.01
MIG457_medium_loose_low_mmedium,1e-07,20,0.145,0.1,1000,3,0.01
MIG458_medium_loose_low_mmedium,1e-07,20,0.145,0.1,1000,3,0.01
MIG459_medium_loose_low_mmedium,1e-07,20,0.145,0.1,1000,3,0.01
MIG460_medium_loose_low_mmedium,1e-07,20,0.145,0.1,1000,3,0.01
MIG461_medium_loose_low_mmedium,1e-07,20,0.145,0.2,1000,3,0.01
MIG462_medium_loose_low_mmedium,1e-07,20,0.145,0.2,1000,3,0.01
MIG463_medium_loose_low_mmedium,1e-07,20,0.145,0.2,1000,3,0.01
MIG464_medium_loose_low_mmedium,1e-07,20,0.145,0.2,1000,3,0.01
MIG465_medium_loose_low_mmedium,1e-07,20,0.145,0.2,1000,3,0.01
MIG466_medium_loose_low_mmedium,1e-07,20,0.145,0.2,1000,3,0.01
MIG467_medium_loose_low_mmedium,1e-07,20,0.145,0.2,1000,3,0.01
MIG468_medium_loose_low_mmedium,1e-07,20,0.145,0.2,1000,3,0.01
MIG469_medium_loose_low_mmedium,1e-07,20,0.145,0.2,1000,3,0.01
MIG470_medium_loose_low_mmedium,1e-07,20,0.145,0.2,1000,3,0.01
MIG471_medium_loose_low_mmedium,1e-07,20,0.145,0.2,1000,3,0.01
MIG472_medium_loose_low_mmedium,1e-07,20,0.145,0.2,1000,3,0.01
MIG473_medium_loose_low_mmedium,1e-07,20,0.145,0.2,1000,3,0.01
MIG474_medium_loose_low_mmedium,1e-07,20,0.145,0.2,1000,3,0.01
MIG475_medium_loose_low_mmedium,1e-07,20,0.145,0.2,1000,3,0.01
MIG476_medium_loose_low_mmedium,1e-07,20,0.145,0.2,1000,3,0.01
MIG477_medium_loose_low_mmedium,1e-07,20,0.145,0.2,1000,3,0.01
MIG478_medium_loose_low_mmedium,1e-07,20,0.145,0.2,1000,3,0.01
MIG479_medium_loose_low_mmedium,1e-07,20,0.145,0.2,1000,3,0.01
MIG480_medium_loose_low_mmedium,1e-07,20,0.145,0.2,1000,3,0.01
MIG481_medium_loose_low_mhigh,1e-07,20,0.145,0.05,1000,3,0.05
MIG482_medium_loose_low_mhigh,1e-07,20,0.145,0.05,1000,3,0.05
MIG483_medium_loose_low_mhigh,1e-07,20,0.145,0.05,1000,3,0.05
MIG484_medium_loose_low_mhigh,1e-07,20,0.145,0.05,1000,3,0.05
MIG485_medium_loose_low_mhigh,1e-07,20,0.145,0.05,1000,3,0.05
MIG486_medium_loose_low_mhigh,1e-07,20,0.145,0.05,1000,3,0.05
MIG487_medium_loose_low_mhigh,1e-07,20,0.145,0.05,1000,3,0.05
MIG488_medium_loose_low_mhigh,1e-07,20,0.145,0.05,1000,3,0.05
MIG489_medium_loose_low_mhigh,1e-07,20,0.145,0.05,1000,3,0.05
MIG490_medium_loose_low_mhigh,1e-07,20,0.145,0.05,1000,3,0.05
MIG491_medium_loose_low_mhigh,1e-07,20,0.145,0.05,1000,3,0.05
MIG492_medium_loose_low_mhigh,1e-07,20,0.145,0.05,1000,3,0.05
MIG493_medium_loose_low_mhigh,1e-07,20,0.145,0.05,1000,3,0.05
MIG494_medium_loose_low_mhigh,1e-07,20,0.145,0.05,1000,3,0.05
MIG495_medium_loose_low_mhigh,1e-07,20,0.145,0.05,1000,3,0.05
MIG496_medium_loose_low_mhigh,1e-07,20,0.145,0.05,1000,3,0.05
MIG497_medium_loose_low_mhigh,1e-07,20,0.145,0.05,1000,3,0.05
MIG498_medium_loose_low_mhigh,1e-07,20,0.145,0.05,1000,3,0.05
MIG499_medium_loose_low_mhigh,1e-07,20,0.145,0.05,1000,3,0.05
MIG500_medium_loose_low_mhigh,1e-07,20,0.145,0.05,1000,3,0.05
MIG501_medium_loose_low_mhigh,1e-07,20,0.145,0.1,1000,3,0.05
MIG502_medium_loose_low_mhigh,1e-07,20,0.145,0.1,1000,3,0.05
MIG503_medium_loose_low_mhigh,1e-07,20,0.145,0.1,1000,3,0.05
MIG504_medium_loose_low_mhigh,1e-07,20,0.145,0.1,1000,3,0.05
MIG505_medium_loose_low_mhigh,1e-07,20,0.145,0.1,1000,3,0.05
MIG506_medium_loose_low_mhigh,1e-07,20,0.145,0.1,1000,3,0.05
MIG507_medium_loose_low_mhigh,1e-07,20,0.145,0.1,1000,3,0.05
MIG508_medium_loose_low_mhigh,1e-07,20,0.145,0.1,1000,3,0.05
MIG509_medium_loose_low_mhigh,1e-07,20,0.145,0.1,1000,3,0.05
MIG510_medium_loose_low_mhigh,1e-07,20,0.145,0.1,1000,3,0.05
MIG511_medium_loose_low_mhigh,1e-07,20,0.145,0.1,1000,3,0.05
MIG512_medium_loose_low_mhigh,1e-07,20,0.145,0.1,1000,3,0.05
MIG513_medium_loose_low_mhigh,1e-07,20,0.145,0.1,1000,3,0.05
MIG514_medium_loose_low_mhigh,1e-07,20,0.145,0.1,1000,3,0.05
MIG515_medium_loose_low_mhigh,1e-07,20,0.145,0.1,1000,3,0.05
MIG516_medium_loose_low_mhigh,1e-07,20,0.145,0.1,1000,3,0.05
MIG517_medium_loose_low_mhigh,1e-07,20,0.145,0.1,1000,3,0.05
MIG518_medium_loose_low_mhigh,1e-07,20,0.145,0.1,1000,3,0.05
MIG519_medium_loose_low_mhigh,1e-07,20,0.145,0.1,1000,3,0.05
MIG520_medium_loose_low_mhigh,1e-07,20,0.145,0.1,1000,3,0.05
MIG521_medium_loose_low_mhigh,1e-07,20,0.145,0.2,1000,3,0.05
MIG522_medium_loose_low_mhigh,1e-07,20,0.145,0.2,1000,3,0.05
MIG523_medium_loose_low_mhigh,1e-07,20,0.145,0.2,1000,3,0.05
MIG524_medium_loose_low_mhigh,1e-07,20,0.145,0.2,1000,3,0.05
MIG525_medium_loose_low_mhigh,1e-07,20,0.145,0.2,1000,3,0.05
MIG526_medium_loose_low_mhigh,1e-07,20,0.145,0.2,1000,3,0.05
MIG527_medium_loose_low_mhigh,1e-07,20,0.145,0.2,1000,3,0.05
MIG528_medium_loose_low_mhigh,1e-07,20,0.145,0.2,1000,3,0.05
MIG529_medium_loose_low_mhigh,1e-07,20,0.145,0.2,1000,3,0.05
MIG530_medium_loose_low_mhigh,1e-07,20,0.145,0.2,1000,3,0.05
MIG531_medium_loose_low_mhigh,1e-07,20,0.145,0.2,1000,3,0.05
MIG532_medium_loose_low_mhigh,1e-07,20,0.145,0.2,1000,3,0.05
MIG533_medium_loose_low_mhigh,1e-07,20,0.145,0.2,1000,3,0.05
MIG534_medium_loose_low_mhigh,1e-07,20,0.145,0.2,1000,3,0.05
MIG535_medium_loose_low_mhigh,1e-07,20,0.145,0.2,1000,3,0.05
MIG536_medium_loose_low_mhigh,1e-07,20,0.145,0.2,1000,3,0.05
MIG537_medium_loose_low_mhigh,1e-07,20,0.145,0.2,1000,3,0.05
MIG538_medium_loose_low_mhigh,1e-07,20,0.145,0.2,1000,3,0.05
MIG539_medium_loose_low_mhigh,1e-07,20,0.145,0.2,1000,3,0.05
MIG540_medium_loose_low_mhigh,1e-07,20,0.145,0.2,1000,3,0.05
MIG541_medium_medium_moderate_mlow,1e-07,5,0.3,0.05,1000,3,0.001
MIG542_medium_medium_moderate_mlow,1e-07,5,0.3,0.05,1000,3,0.001
MIG543_medium_medium_moderate_mlow,1e-07,5,0.3,0.05,1000,3,0.001
MIG544_medium_medium_moderate_mlow,1e-07,5,0.3,0.05,1000,3,0.001
MIG545_medium_medium_moderate_mlow,1e-07,5,0.3,0.05,1000,3,0.001
MIG546_medium_medium_moderate_mlow,1e-07,5,0.3,0.05,1000,3,0.001
MIG547_medium_medium_moderate_mlow,1e-07,5,0.3,0.05,1000,3,0.001
MIG548_medium_medium_moderate_mlow,1e-07,5,0.3,0.05,1000,3,0.001
MIG549_medium_medium_moderate_mlow,1e-07,5,0.3,0.05,1000,3,0.001
MIG550_medium_medium_moderate_mlow,1e-07,5,0.3,0.05,1000,3,0.001
MIG551_medium_medium_moderate_mlow,1e-07,5,0.3,0.05,1000,3,0.001
MIG552_medium_medium_moderate_mlow,1e-07,5,0.3,0.05,1000,3,0.001
MIG553_medium_medium_moderate_mlow,1e-07,5,0.3,0.05,1000,3,0.001
MIG554_medium_medium_moderate_mlow,1e-07,5,0.3,0.05,1000,3,0.001
MIG555_medium_medium_moderate_mlow,1e-07,5,0.3,0.05,1000,3,0.001
MIG556_medium_medium_moderate_mlow,1e-07,5,0.3,0.05,1000,3,0.001
MIG557_medium_medium_moderate_mlow,1e-07,5,0.3,0.05,1000,3,0.001
MIG558_medium_medium_moderate_mlow,1e-07,5,0.3,0.05,1000,3,0.001
MIG559_medium_medium_moderate_mlow,1e-07,5,0.3,0.05,1000,3,0.001
MIG560_medium_medium_moderate_mlow,1e-07,5,0.3,0.05,1000,3,0.001
MIG561_medium_medium_moderate_mlow,1e-07,5,0.3,0.1,1000,3,0.001
MIG562_medium_medium_moderate_mlow,1e-07,5,0.3,0.1,1000,3,0.001
MIG563_medium_medium_moderate_mlow,1e-07,5,0.3,0.1,1000,3,0.001
MIG564_medium_medium_moderate_mlow,1e-07,5,0.3,0.1,1000,3,0.001
MIG565_medium_medium_moderate_mlow,1e-07,5,0.3,0.1,1000,3,0.001
MIG566_medium_medium_moderate_mlow,1e-07,5,0.3,0.1,1000,3,0.001
MIG567_medium_medium_moderate_mlow,1e-07,5,0.3,0.1,1000,3,0.001
MIG568_medium_medium_moderate_mlow,1e-07,5,0.3,0.1,1000,3,0.001
MIG569_medium_medium_moderate_mlow,1e-07,5,0.3,0.1,1000,3,0.001
MIG570_medium_medium_moderate_mlow,1e-07,5,0.3,0.1,1000,3,0.001
MIG571_medium_medium_moderate_mlow,1e-07,5,0.3,0.1,1000,3,0.001
MIG572_medium_medium_moderate_mlow,1e-07,5,0.3,0.1,1000,3,0.001
MIG573_medium_medium_moderate_mlow,1e-07,5,0.3,0.1,1000,3,0.001
MIG574_medium_medium_moderate_mlow,1e-07,5,0.3,0.1,1000,3,0.001
MIG575_medium_medium_moderate_mlow,1e-07,5,0.3,0.1,1000,3,0.001
MIG576_medium_medium_moderate_mlow,1e-07,5,0.3,0.1,1000,3,0.001
MIG577_medium_medium_moderate_mlow,1e-07,5,0.3,0.1,1000,3,0.001
MIG578_medium_medium_moderate_mlow,1e-07,5,0.3,0.1,1000,3,0.001
MIG579_medium_medium_moderate_mlow,1e-07,5,0.3,0.1,1000,3,0.001
MIG580_medium_medium_moderate_mlow,1e-07,5,0.3,0.1,1000,3,0.001
MIG581_medium_medium_moderate_mlow,1e-07,5,0.3,0.2,1000,3,0.001
MIG582_medium_medium_moderate_mlow,1e-07,5,0.3,0.2,1000,3,0.001
MIG583_medium_medium_moderate_mlow,1e-07,5,0.3,0.2,1000,3,0.001
MIG584_medium_medium_moderate_mlow,1e-07,5,0.3,0.2,1000,3,0.001
MIG585_medium_medium_moderate_mlow,1e-07,5,0.3,0.2,1000,3,0.001
MIG586_medium_medium_moderate_mlow,1e-07,5,0.3,0.2,1000,3,0.001
MIG587_medium_medium_moderate_mlow,1e-07,5,0.3,0.2,1000,3,0.001
MIG588_medium_medium_moderate_mlow,1e-07,5,0.3,0.2,1000,3,0.001
MIG589_medium_medium_moderate_mlow,1e-07,5,0.3,0.2,1000,3,0.001
MIG590_medium_medium_moderate_mlow,1e-07,5,0.3,0.2,1000,3,0.001
MIG591_medium_medium_moderate_mlow,1e-07,5,0.3,0.2,1000,3,0.001
MIG592_medium_medium_moderate_mlow,1e-07,5,0.3,0.2,1000,3,0.001
MIG593_medium_medium_moderate_mlow,1e-07,5,0.3,0.2,1000,3,0.001
MIG594_medium_medium_moderate_mlow,1e-07,5,0.3,0.2,1000,3,0.001
MIG595_medium_medium_moderate_mlow,1e-07,5,0.3,0.2,1000,3,0.001
MIG596_medium_medium_moderate_mlow,1e-07,5,0.3,0.2,1000,3,0.001
MIG597_medium_medium_moderate_mlow,1e-07,5,0.3,0.2,1000,3,0.001
MIG598_medium_medium_moderate_mlow,1e-07,5,0.3,0.2,1000,3,0.001
MIG599_medium_medium_moderate_mlow,1e-07,5,0.3,0.2,1000,3,0.001
MIG600_medium_medium_moderate_mlow,1e-07,5,0.3,0.2,1000,3,0.001
MIG601_medium_medium_moderate_mmedium,1e-07,5,0.3,0.05,1000,3,0.01
MIG602_medium_medium_moderate_mmedium,1e-07,5,0.3,0.05,1000,3,0.01
MIG603_medium_medium_moderate_mmedium,1e-07,5,0.3,0.05,1000,3,0.01
MIG604_medium_medium_moderate_mmedium,1e-07,5,0.3,0.05,1000,3,0.01
MIG605_medium_medium_moderate_mmedium,1e-07,5,0.3,0.05,1000,3,0.01
MIG606_medium_medium_moderate_mmedium,1e-07,5,0.3,0.05,1000,3,0.01
MIG607_medium_medium_moderate_mmedium,1e-07,5,0.3,0.05,1000,3,0.01
MIG608_medium_medium_moderate_mmedium,1e-07,5,0.3,0.05,1000,3,0.01
MIG609_medium_medium_moderate_mmedium,1e-07,5,0.3,0.05,1000,3,0.01
MIG610_medium_medium_moderate_mmedium,1e-07,5,0.3,0.05,1000,3,0.01
MIG611_medium_medium_moderate_mmedium,1e-07,5,0.3,0.05,1000,3,0.01
MIG612_medium_medium_moderate_mmedium,1e-07,5,0.3,0.05,1000,3,0.01
MIG613_medium_medium_moderate_mmedium,1e-07,5,0.3,0.05,1000,3,0.01
MIG614_medium_medium_moderate_mmedium,1e-07,5,0.3,0.05,1000,3,0.01
MIG615_medium_medium_moderate_mmedium,1e-07,5,0.3,0.05,1000,3,0.01
MIG616_medium_medium_moderate_mmedium,1e-07,5,0.3,0.05,1000,3,0.01
MIG617_medium_medium_moderate_mmedium,1e-07,5,0.3,0.05,1000,3,0.01
MIG618_medium_medium_moderate_mmedium,1e-07,5,0.3,0.05,1000,3,0.01
MIG619_medium_medium_moderate_mmedium,1e-07,5,0.3,0.05,1000,3,0.01
MIG620_medium_medium_moderate_mmedium,1e-07,5,0.3,0.05,1000,3,0.01
MIG621_medium_medium_moderate_mmedium,1e-07,5,0.3,0.1,1000,3,0.01
MIG622_medium_medium_moderate_mmedium,1e-07,5,0.3,0.1,1000,3,0.01
MIG623_medium_medium_moderate_mmedium,1e-07,5,0.3,0.1,1000,3,0.01
MIG624_medium_medium_moderate_mmedium,1e-07,5,0.3,0.1,1000,3,0.01
MIG625_medium_medium_moderate_mmedium,1e-07,5,0.3,0.1,1000,3,0.01
MIG626_medium_medium_moderate_mmedium,1e-07,5,0.3,0.1,1000,3,0.01
MIG627_medium_medium_moderate_mmedium,1e-07,5,0.3,0.1,1000,3,0.01
MIG628_medium_medium_moderate_mmedium,1e-07,5,0.3,0.1,1000,3,0.01
MIG629_medium_medium_moderate_mmedium,1e-07,5,0.3,0.1,1000,3,0.01
MIG630_medium_medium_moderate_mmedium,1e-07,5,0.3,0.1,1000,3,0.01
MIG631_medium_medium_moderate_mmedium,1e-07,5,0.3,0.1,1000,3,0.01
MIG632_medium_medium_moderate_mmedium,1e-07,5,0.3,0.1,1000,3,0.01
MIG633_medium_medium_moderate_mmedium,1e-07,5,0.3,0.1,1000,3,0.01
MIG634_medium_medium_moderate_mmedium,1e-07,5,0.3,0.1,1000,3,0.01
MIG635_medium_medium_moderate_mmedium,1e-07,5,0.3,0.1,1000,3,0.01
MIG636_medium_medium_moderate_mmedium,1e-07,5,0.3,0.1,1000,3,0.01
MIG637_medium_medium_moderate_mmedium,1e-07,5,0.3,0.1,1000,3,0.01
MIG638_medium_medium_moderate_mmedium,1e-07,5,0.3,0.1,1000,3,0.01
MIG639_medium_medium_moderate_mmedium,1e-07,5,0.3,0.1,1000,3,0.01
MIG640_medium_medium_moderate_mmedium,1e-07,5,0.3,0.1,1000,3,0.01
MIG641_medium_medium_moderate_mmedium,1e-07,5,0.3,0.2,1000,3,0.01
MIG642_medium_medium_moderate_mmedium,1e-07,5,0.3,0.2,1000,3,0.01
MIG643_medium_medium_moderate_mmedium,1e-07,5,0.3,0.2,1000,3,0.01
MIG644_medium_medium_moderate_mmedium,1e-07,5,0.3,0.2,1000,3,0.01
MIG645_medium_medium_moderate_mmedium,1e-07,5,0.3,0.2,1000,3,0.01
MIG646_medium_medium_moderate_mmedium,1e-07,5,0.3,0.2,1000,3,0.01
MIG647_medium_medium_moderate_mmedium,1e-07,5,0.3,0.2,1000,3,0.01
MIG648_medium_medium_moderate_mmedium,1e-07,5,0.3,0.2,1000,3,0.01
MIG649_medium_medium_moderate_mmedium,1e-07,5,0.3,0.2,1000,3,0.01
MIG650_medium_medium_moderate_mmedium,1e-07,5,0.3,0.2,1000,3,0.01
MIG651_medium_medium_moderate_mmedium,1e-07,5,0.3,0.2,1000,3,0.01
MIG652_medium_medium_moderate_mmedium,1e-07,5,0.3,0.2,1000,3,0.01
MIG653_medium_medium_moderate_mmedium,1e-07,5,0.3,0.2,1000,3,0.01
MIG654_medium_medium_moderate_mmedium,1e-07,5,0.3,0.2,1000,3,0.01
MIG655_medium_medium_moderate_mmedium,1e-07,5,0.3,0.2,1000,3,0.01
MIG656_medium_medium_moderate_mmedium,1e-07,5,0.3,0.2,1000,3,0.01
MIG657_medium_medium_moderate_mmedium,1e-07,5,0.3,0.2,1000,3,0.01
MIG658_medium_medium_moderate_mmedium,1e-07,5,0.3,0.2,1000,3,0.01
MIG659_medium_medium_moderate_mmedium,1e-07,5,0.3,0.2,1000,3,0.01
MIG660_medium_medium_moderate_mmedium,1e-07,5,0.3,0.2,1000,3,0.01
MIG661_medium_medium_moderate_mhigh,1e-07,5,0.3,0.05,1000,3,0.05
MIG662_medium_medium_moderate_mhigh,1e-07,5,0.3,0.05,1000,3,0.05
MIG663_medium_medium_moderate_mhigh,1e-07,5,0.3,0.05,1000,3,0.05
MIG664_medium_medium_moderate_mhigh,1e-07,5,0.3,0.05,1000,3,0.05
MIG665_medium_medium_moderate_mhigh,1e-07,5,0.3,0.05,1000,3,0.05
MIG666_medium_medium_moderate_mhigh,1e-07,5,0.3,0.05,1000,3,0.05
MIG667_medium_medium_moderate_mhigh,1e-07,5,0.3,0.05,1000,3,0.05
MIG668_medium_medium_moderate_mhigh,1e-07,5,0.3,0.05,1000,3,0.05
MIG669_medium_medium_moderate_mhigh,1e-07,5,0.3,0.05,1000,3,0.05
MIG670_medium_medium_moderate_mhigh,1e-07,5,0.3,0.05,1000,3,0.05
MIG671_medium_medium_moderate_mhigh,1e-07,5,0.3,0.05,1000,3,0.05
MIG672_medium_medium_moderate_mhigh,1e-07,5,0.3,0.05,1000,3,0.05
MIG673_medium_medium_moderate_mhigh,1e-07,5,0.3,0.05,1000,3,0.05
MIG674_medium_medium_moderate_mhigh,1e-07,5,0.3,0.05,1000,3,0.05
MIG675_medium_medium_moderate_mhigh,1e-07,5,0.3,0.05,1000,3,0.05
MIG676_medium_medium_moderate_mhigh,1e-07,5,0.3,0.05,1000,3,0.05
MIG677_medium_medium_moderate_mhigh,1e-07,5,0.3,0.05,1000,3,0.05
MIG678_medium_medium_moderate_mhigh,1e-07,5,0.3,0.05,1000,3,0.05
MIG679_medium_medium_moderate_mhigh,1e-07,5,0.3,0.05,1000,3,0.05
MIG680_medium_medium_moderate_mhigh,1e-07,5,0.3,0.05,1000,3,0.05
MIG681_medium_medium_moderate_mhigh,1e-07,5,0.3,0.1,1000,3,0.05
MIG682_medium_medium_moderate_mhigh,1e-07,5,0.3,0.1,1000,3,0.05
MIG683_medium_medium_moderate_mhigh,1e-07,5,0.3,0.1,1000,3,0.05
MIG684_medium_medium_moderate_mhigh,1e-07,5,0.3,0.1,1000,3,0.05
MIG685_medium_medium_moderate_mhigh,1e-07,5,0.3,0.1,1000,3,0.05
MIG686_medium_medium_moderate_mhigh,1e-07,5,0.3,0.1,1000,3,0.05
MIG687_medium_medium_moderate_mhigh,1e-07,5,0.3,0.1,1000,3,0.05
MIG688_medium_medium_moderate_mhigh,1e-07,5,0.3,0.1,1000,3,0.05
MIG689_medium_medium_moderate_mhigh,1e-07,5,0.3,0.1,1000,3,0.05
MIG690_medium_medium_moderate_mhigh,1e-07,5,0.3,0.1,1000,3,0.05
MIG691_medium_medium_moderate_mhigh,1e-07,5,0.3,0.1,1000,3,0.05
MIG692_medium_medium_moderate_mhigh,1e-07,5,0.3,0.1,1000,3,0.05
MIG693_medium_medium_moderate_mhigh,1e-07,5,0.3,0.1,1000,3,0.05
MIG694_medium_medium_moderate_mhigh,1e-07,5,0.3,0.1,1000,3,0.05
MIG695_medium_medium_moderate_mhigh,1e-07,5,0.3,0.1,1000,3,0.05
MIG696_medium_medium_moderate_mhigh,1e-07,5,0.3,0.1,1000,3,0.05
MIG697_medium_medium_moderate_mhigh,1e-07,5,0.3,0.1,1000,3,0.05
MIG698_medium_medium_moderate_mhigh,1e-07,5,0.3,0.1,1000,3,0.05
MIG699_medium_medium_moderate_mhigh,1e-07,5,0.3,0.1,1000,3,0.05
MIG700_medium_medium_moderate_mhigh,1e-07,5,0.3,0.1,1000,3,0.05
MIG701_medium_medium_moderate_mhigh,1e-07,5,0.3,0.2,1000,3,0.05
MIG702_medium_medium_moderate_mhigh,1e-07,5,0.3,0.2,1000,3,0.05
MIG703_medium_medium_moderate_mhigh,1e-07,5,0.3,0.2,1000,3,0.05
MIG704_medium_medium_moderate_mhigh,1e-07,5,0.3,0.2,1000,3,0.05
MIG705_medium_medium_moderate_mhigh,1e-07,5,0.3,0.2,1000,3,0.05
MIG706_medium_medium_moderate_mhigh,1e-07,5,0.3,0.2,1000,3,0.05
MIG707_medium_medium_moderate_mhigh,1e-07,5,0.3,0.2,1000,3,0.05
MIG708_medium_medium_moderate_mhigh,1e-07,5,0.3,0.2,1000,3,0.05
MIG709_medium_medium_moderate_mhigh,1e-07,5,0.3,0.2,1000,3,0.05
MIG710_medium_medium_moderate_mhigh,1e-07,5,0.3,0.2,1000,3,0.05
MIG711_medium_medium_moderate_mhigh,1e-07,5,0.3,0.2,1000,3,0.05
MIG712_medium_medium_moderate_mhigh,1e-07,5,0.3,0.2,1000,3,0.05
MIG713_medium_medium_moderate_mhigh,1e-07,5,0.3,0.2,1000,3,0.05
MIG714_medium_medium_moderate_mhigh,1e-07,5,0.3,0.2,1000,3,0.05
MIG715_medium_medium_moderate_mhigh,1e-07,5,0.3,0.2,1000,3,0.05
MIG716_medium_medium_moderate_mhigh,1e-07,5,0.3,0.2,1000,3,0.05
MIG717_medium_medium_moderate_mhigh,1e-07,5,0.3,0.2,1000,3,0.05
MIG718_medium_medium_moderate_mhigh,1e-07,5,0.3,0.2,1000,3,0.05
MIG719_medium_medium_moderate_mhigh,1e-07,5,0.3,0.2,1000,3,0.05
MIG720_medium_medium_moderate_mhigh,1e-07,5,0.3,0.2,1000,3,0.05
MIG721_high_medium_low_mlow,1e-06,5,0.145,0.05,1000,3,0.001
MIG722_high_medium_low_mlow,1e-06,5,0.145,0.05,1000,3,0.001
MIG723_high_medium_low_mlow,1e-06,5,0.145,0.05,1000,3,0.001
MIG724_high_medium_low_mlow,1e-06,5,0.145,0.05,1000,3,0.001
MIG725_high_medium_low_mlow,1e-06,5,0.145,0.05,1000,3,0.001
MIG726_high_medium_low_mlow,1e-06,5,0.145,0.05,1000,3,0.001
MIG727_high_medium_low_mlow,1e-06,5,0.145,0.05,1000,3,0.001
MIG728_high_medium_low_mlow,1e-06,5,0.145,0.05,1000,3,0.001
MIG729_high_medium_low_mlow,1e-06,5,0.145,0.05,1000,3,0.001
MIG730_high_medium_low_mlow,1e-06,5,0.145,0.05,1000,3,0.001
MIG731_high_medium_low_mlow,1e-06,5,0.145,0.05,1000,3,0.001
MIG732_high_medium_low_mlow,1e-06,5,0.145,0.05,1000,3,0.001
MIG733_high_medium_low_mlow,1e-06,5,0.145,0.05,1000,3,0.001
MIG734_high_medium_low_mlow,1e-06,5,0.145,0.05,1000,3,0.001
MIG735_high_medium_low_mlow,1e-06,5,0.145,0.05,1000,3,0.001
MIG736_high_medium_low_mlow,1e-06,5,0.145,0.05,1000,3,0.001
MIG737_high_medium_low_mlow,1e-06,5,0.145,0.05,1000,3,0.001
MIG738_high_medium_low_mlow,1e-06,5,0.145,0.05,1000,3,0.001
MIG739_high_medium_low_mlow,1e-06,5,0.145,0.05,1000,3,0.001
MIG740_high_medium_low_mlow,1e-06,5,0.145,0.05,1000,3,0.001
MIG741_high_medium_low_mlow,1e-06,5,0.145,0.1,1000,3,0.001
MIG742_high_medium_low_mlow,1e-06,5,0.145,0.1,1000,3,0.001
MIG743_high_medium_low_mlow,1e-06,5,0.145,0.1,1000,3,0.001
MIG744_high_medium_low_mlow,1e-06,5,0.145,0.1,1000,3,0.001
MIG745_high_medium_low_mlow,1e-06,5,0.145,0.1,1000,3,0.001
MIG746_high_medium_low_mlow,1e-06,5,0.145,0.1,1000,3,0.001
MIG747_high_medium_low_mlow,1e-06,5,0.145,0.1,1000,3,0.001
MIG748_high_medium_low_mlow,1e-06,5,0.145,0.1,1000,3,0.001
MIG749_high_medium_low_mlow,1e-06,5,0.145,0.1,1000,3,0.001
MIG750_high_medium_low_mlow,1e-06,5,0.145,0.1,1000,3,0.001
MIG751_high_medium_low_mlow,1e-06,5,0.145,0.1,1000,3,0.001
MIG752_high_medium_low_mlow,1e-06,5,0.145,0.1,1000,3,0.001
MIG753_high_medium_low_mlow,1e-06,5,0.145,0.1,1000,3,0.001
MIG754_high_medium_low_mlow,1e-06,5,0.145,0.1,1000,3,0.001
MIG755_high_medium_low_mlow,1e-06,5,0.145,0.1,1000,3,0.001
MIG756_high_medium_low_mlow,1e-06,5,0.145,0.1,1000,3,0.001
MIG757_high_medium_low_mlow,1e-06,5,0.145,0.1,1000,3,0.001
MIG758_high_medium_low_mlow,1e-06,5,0.145,0.1,1000,3,0.001
MIG759_high_medium_low_mlow,1e-06,5,0.145,0.1,1000,3,0.001
MIG760_high_medium_low_mlow,1e-06,5,0.145,0.1,1000,3,0.001
MIG761_high_medium_low_mlow,1e-06,5,0.145,0.2,1000,3,0.001
MIG762_high_medium_low_mlow,1e-06,5,0.145,0.2,1000,3,0.001
MIG763_high_medium_low_mlow,1e-06,5,0.145,0.2,1000,3,0.001
MIG764_high_medium_low_mlow,1e-06,5,0.145,0.2,1000,3,0.001
MIG765_high_medium_low_mlow,1e-06,5,0.145,0.2,1000,3,0.001
MIG766_high_medium_low_mlow,1e-06,5,0.145,0.2,1000,3,0.001
MIG767_high_medium_low_mlow,1e-06,5,0.145,0.2,1000,3,0.001
MIG768_high_medium_low_mlow,1e-06,5,0.145,0.2,1000,3,0.001
MIG769_high_medium_low_mlow,1e-06,5,0.145,0.2,1000,3,0.001
MIG770_high_medium_low_mlow,1e-06,5,0.145,0.2,1000,3,0.001
MIG771_high_medium_low_mlow,1e-06,5,0.145,0.2,1000,3,0.001
MIG772_high_medium_low_mlow,1e-06,5,0.145,0.2,1000,3,0.001
MIG773_high_medium_low_mlow,1e-06,5,0.145,0.2,1000,3,0.001
MIG774_high_medium_low_mlow,1e-06,5,0.145,0.2,1000,3,0.001
MIG775_high_medium_low_mlow,1e-06,5,0.145,0.2,1000,3,0.001
MIG776_high_medium_low_mlow,1e-06,5,0.145,0.2,1000,3,0.001
MIG777_high_medium_low_mlow,1e-06,5,0.145,0.2,1000,3,0.001
MIG778_high_medium_low_mlow,1e-06,5,0.145,0.2,1000,3,0.001
MIG779_high_medium_low_mlow,1e-06,5,0.145,0.2,1000,3,0.001
MIG780_high_medium_low_mlow,1e-06,5,0.145,0.2,1000,3,0.001
MIG781_high_medium_low_mmedium,1e-06,5,0.145,0.05,1000,3,0.01
MIG782_high_medium_low_mmedium,1e-06,5,0.145,0.05,1000,3,0.01
MIG783_high_medium_low_mmedium,1e-06,5,0.145,0.05,1000,3,0.01
MIG784_high_medium_low_mmedium,1e-06,5,0.145,0.05,1000,3,0.01
MIG785_high_medium_low_mmedium,1e-06,5,0.145,0.05,1000,3,0.01
MIG786_high_medium_low_mmedium,1e-06,5,0.145,0.05,1000,3,0.01
MIG787_high_medium_low_mmedium,1e-06,5,0.145,0.05,1000,3,0.01
MIG788_high_medium_low_mmedium,1e-06,5,0.145,0.05,1000,3,0.01
MIG789_high_medium_low_mmedium,1e-06,5,0.145,0.05,1000,3,0.01
MIG790_high_medium_low_mmedium,1e-06,5,0.145,0.05,1000,3,0.01
MIG791_high_medium_low_mmedium,1e-06,5,0.145,0.05,1000,3,0.01
MIG792_high_medium_low_mmedium,1e-06,5,0.145,0.05,1000,3,0.01
MIG793_high_medium_low_mmedium,1e-06,5,0.145,0.05,1000,3,0.01
MIG794_high_medium_low_mmedium,1e-06,5,0.145,0.05,1000,3,0.01
MIG795_high_medium_low_mmedium,1e-06,5,0.145,0.05,1000,3,0.01
MIG796_high_medium_low_mmedium,1e-06,5,0.145,0.05,1000,3,0.01
MIG797_high_medium_low_mmedium,1e-06,5,0.145,0.05,1000,3,0.01
MIG798_high_medium_low_mmedium,1e-06,5,0.145,0.05,1000,3,0.01
MIG799_high_medium_low_mmedium,1e-06,5,0.145,0.05,1000,3,0.01
MIG800_high_medium_low_mmedium,1e-06,5,0.145,0.05,1000,3,0.01
MIG801_high_medium_low_mmedium,1e-06,5,0.145,0.1,1000,3,0.01
MIG802_high_medium_low_mmedium,1e-06,5,0.145,0.1,1000,3,0.01
MIG803_high_medium_low_mmedium,1e-06,5,0.145,0.1,1000,3,0.01
MIG804_high_medium_low_mmedium,1e-06,5,0.145,0.1,1000,3,0.01
MIG805_high_medium_low_mmedium,1e-06,5,0.145,0.1,1000,3,0.01
MIG806_high_medium_low_mmedium,1e-06,5,0.145,0.1,1000,3,0.01
MIG807_high_medium_low_mmedium,1e-06,5,0.145,0.1,1000,3,0.01
MIG808_high_medium_low_mmedium,1e-06,5,0.145,0.1,1000,3,0.01
MIG809_high_medium_low_mmedium,1e-06,5,0.145,0.1,1000,3,0.01
MIG810_high_medium_low_mmedium,1e-06,5,0.145,0.1,1000,3,0.01
MIG811_high_medium_low_mmedium,1e-06,5,0.145,0.1,1000,3,0.01
MIG812_high_medium_low_mmedium,1e-06,5,0.145,0.1,1000,3,0.01
MIG813_high_medium_low_mmedium,1e-06,5,0.145,0.1,1000,3,0.01
MIG814_high_medium_low_mmedium,1e-06,5,0.145,0.1,1000,3,0.01
MIG815_high_medium_low_mmedium,1e-06,5,0.145,0.1,1000,3,0.01
MIG816_high_medium_low_mmedium,1e-06,5,0.145,0.1,1000,3,0.01
MIG817_high_medium_low_mmedium,1e-06,5,0.145,0.1,1000,3,0.01
MIG818_high_medium_low_mmedium,1e-06,5,0.145,0.1,1000,3,0.01
MIG819_high_medium_low_mmedium,1e-06,5,0.145,0.1,1000,3,0.01
MIG820_high_medium_low_mmedium,1e-06,5,0.145,0.1,1000,3,0.01
MIG821_high_medium_low_mmedium,1e-06,5,0.145,0.2,1000,3,0.01
MIG822_high_medium_low_mmedium,1e-06,5,0.145,0.2,1000,3,0.01
MIG823_high_medium_low_mmedium,1e-06,5,0.145,0.2,1000,3,0.01
MIG824_high_medium_low_mmedium,1e-06,5,0.145,0.2,1000,3,0.01
MIG825_high_medium_low_mmedium,1e-06,5,0.145,0.2,1000,3,0.01
MIG826_high_medium_low_mmedium,1e-06,5,0.145,0.2,1000,3,0.01
MIG827_high_medium_low_mmedium,1e-06,5,0.145,0.2,1000,3,0.01
MIG828_high_medium_low_mmedium,1e-06,5,0.145,0.2,1000,3,0.01
MIG829_high_medium_low_mmedium,1e-06,5,0.145,0.2,1000,3,0.01
MIG830_high_medium_low_mmedium,1e-06,5,0.145,0.2,1000,3,0.01
MIG831_high_medium_low_mmedium,1e-06,5,0.145,0.2,1000,3,0.01
MIG832_high_medium_low_mmedium,1e-06,5,0.145,0.2,1000,3,0.01
MIG833_high_medium_low_mmedium,1e-06,5,0.145,0.2,1000,3,0.01
MIG834_high_medium_low_mmedium,1e-06,5,0.145,0.2,1000,3,0.01
MIG835_high_medium_low_mmedium,1e-06,5,0.145,0.2,1000,3,0.01
MIG836_high_medium_low_mmedium,1e-06,5,0.145,0.2,1000,3,0.01
MIG837_high_medium_low_mmedium,1e-06,5,0.145,0.2,1000,3,0.01
MIG838_high_medium_low_mmedium,1e-06,5,0.145,0.2,1000,3,0.01
MIG839_high_medium_low_mmedium,1e-06,5,0.145,0.2,1000,3,0.01
MIG840_high_medium_low_mmedium,1e-06,5,0.145,0.2,1000,3,0.01
MIG841_high_medium_low_mhigh,1e-06,5,0.145,0.05,1000,3,0.05
MIG842_high_medium_low_mhigh,1e-06,5,0.145,0.05,1000,3,0.05
MIG843_high_medium_low_mhigh,1e-06,5,0.145,0.05,1000,3,0.05
MIG844_high_medium_low_mhigh,1e-06,5,0.145,0.05,1000,3,0.05
MIG845_high_medium_low_mhigh,1e-06,5,0.145,0.05,1000,3,0.05
MIG846_high_medium_low_mhigh,1e-06,5,0.145,0.05,1000,3,0.05
MIG847_high_medium_low_mhigh,1e-06,5,0.145,0.05,1000,3,0.05
MIG848_high_medium_low_mhigh,1e-06,5,0.145,0.05,1000,3,0.05
MIG849_high_medium_low_mhigh,1e-06,5,0.145,0.05,1000,3,0.05
MIG850_high_medium_low_mhigh,1e-06,5,0.145,0.05,1000,3,0.05
MIG851_high_medium_low_mhigh,1e-06,5,0.145,0.05,1000,3,0.05
MIG852_high_medium_low_mhigh,1e-06,5,0.145,0.05,1000,3,0.05
MIG853_high_medium_low_mhigh,1e-06,5,0.145,0.05,1000,3,0.05
MIG854_high_medium_low_mhigh,1e-06,5,0.145,0.05,1000,3,0.05
MIG855_high_medium_low_mhigh,1e-06,5,0.145,0.05,1000,3,0.05
MIG856_high_medium_low_mhigh,1e-06,5,0.145,0.05,1000,3,0.05
MIG857_high_medium_low_mhigh,1e-06,5,0.145,0.05,1000,3,0.05
MIG858_high_medium_low_mhigh,1e-06,5,0.145,0.05,1000,3,0.05
MIG859_high_medium_low_mhigh,1e-06,5,0.145,0.05,1000,3,0.05
MIG860_high_medium_low_mhigh,1e-06,5,0.145,0.05,1000,3,0.05
MIG861_high_medium_low_mhigh,1e-06,5,0.145,0.1,1000,3,0.05
MIG862_high_medium_low_mhigh,1e-06,5,0.145,0.1,1000,3,0.05
MIG863_high_medium_low_mhigh,1e-06,5,0.145,0.1,1000,3,0.05
MIG864_high_medium_low_mhigh,1e-06,5,0.145,0.1,1000,3,0.05
MIG865_high_medium_low_mhigh,1e-06,5,0.145,0.1,1000,3,0.05
MIG866_high_medium_low_mhigh,1e-06,5,0.145,0.1,1000,3,0.05
MIG867_high_medium_low_mhigh,1e-06,5,0.145,0.1,1000,3,0.05
MIG868_high_medium_low_mhigh,1e-06,5,0.145,0.1,1000,3,0.05
MIG869_high_medium_low_mhigh,1e-06,5,0.145,0.1,1000,3,0.05
MIG870_high_medium_low_mhigh,1e-06,5,0.145,0.1,1000,3,0.05
MIG871_high_medium_low_mhigh,1e-06,5,0.145,0.1,1000,3,0.05
MIG872_high_medium_low_mhigh,1e-06,5,0.145,0.1,1000,3,0.05
MIG873_high_medium_low_mhigh,1e-06,5,0.145,0.1,1000,3,0.05
MIG874_high_medium_low_mhigh,1e-06,5,0.145,0.1,1000,3,0.05
MIG875_high_medium_low_mhigh,1e-06,5,0.145,0.1,1000,3,0.05
MIG876_high_medium_low_mhigh,1e-06,5,0.145,0.1,1000,3,0.05
MIG877_high_medium_low_mhigh,1e-06,5,0.145,0.1,1000,3,0.05
MIG878_high_medium_low_mhigh,1e-06,5,0.145,0.1,1000,3,0.05
MIG879_high_medium_low_mhigh,1e-06,5,0.145,0.1,1000,3,0.05
MIG880_high_medium_low_mhigh,1e-06,5,0.145,0.1,1000,3,0.05
MIG881_high_medium_low_mhigh,1e-06,5,0.145,0.2,1000,3,0.05
MIG882_high_medium_low_mhigh,1e-06,5,0.145,0.2,1000,3,0.05
MIG883_high_medium_low_mhigh,1e-06,5,0.145,0.2,1000,3,0.05
MIG884_high_medium_low_mhigh,1e-06,5,0.145,0.2,1000,3,0.05
MIG885_high_medium_low_mhigh,1e-06,5,0.145,0.2,1000,3,0.05
MIG886_high_medium_low_mhigh,1e-06,5,0.145,0.2,1000,3,0.05
MIG887_high_medium_low_mhigh,1e-06,5,0.145,0.2,1000,3,0.05
MIG888_high_medium_low_mhigh,1e-06,5,0.145,0.2,1000,3,0.05
MIG889_high_medium_low_mhigh,1e-06,5,0.145,0.2,1000,3,0.05
MIG890_high_medium_low_mhigh,1e-06,5,0.145,0.2,1000,3,0.05
MIG891_high_medium_low_mhigh,1e-06,5,0.145,0.2,1000,3,0.05
MIG892_high_medium_low_mhigh,1e-06,5,0.145,0.2,1000,3,0.05
MIG893_high_medium_low_mhigh,1e-06,5,0.145,0.2,1000,3,0.05
MIG894_high_medium_low_mhigh,1e-06,5,0.145,0.2,1000,3,0.05
MIG895_high_medium_low_mhigh,1e-06,5,0.145,0.2,1000,3,0.05
MIG896_high_medium_low_mhigh,1e-06,5,0.145,0.2,1000,3,0.05
MIG897_high_medium_low_mhigh,1e-06,5,0.145,0.2,1000,3,0.05
MIG898_high_medium_low_mhigh,1e-06,5,0.145,0.2,1000,3,0.05
MIG899_high_medium_low_mhigh,1e-06,5,0.145,0.2,1000,3,0.05
MIG900_high_medium_low_mhigh,1e-06,5,0.145,0.2,1000,3,0.05
