k	count	maf
1	0	0.001
2	109	0.002
3	72	0.003
4	40	0.004
5	41	0.005
6	37	0.006
7	45	0.007
8	44	0.008
9	30	0.009
10	25	0.01
11	31	0.011
12	25	0.012
13	30	0.013
14	31	0.014
15	23	0.015
16	18	0.016
17	19	0.017
18	25	0.018
19	17	0.019
20	20	0.02
21	23	0.021
22	18	0.022
23	15	0.023
24	14	0.024
25	23	0.025
26	10	0.026
27	14	0.027
28	18	0.028
29	13	0.029
30	17	0.03
31	22	0.031
32	19	0.032
33	5	0.033
34	15	0.034
35	9	0.035
36	11	0.036
37	16	0.037
38	10	0.038
39	14	0.039
40	10	0.04
41	15	0.041
42	11	0.042
43	14	0.043
44	8	0.044
45	10	0.045
46	13	0.046
47	10	0.047
48	17	0.048
49	11	0.049
50	8	0.05
51	15	0.051
52	11	0.052
53	13	0.053
54	9	0.054
55	15	0.055
56	11	0.056
57	7	0.057
58	8	0.058
59	11	0.059
60	16	0.06
61	7	0.061
62	10	0.062
63	3	0.063
64	10	0.064
65	5	0.065
66	7	0.066
67	10	0.067
68	5	0.068
69	6	0.069
70	8	0.07
71	13	0.071
72	6	0.072
73	6	0.073
74	6	0.074
75	5	0.075
76	6	0.076
77	10	0.077
78	5	0.078
79	9	0.079
80	11	0.08
81	4	0.081
82	7	0.082
83	7	0.083
84	7	0.084
85	7	0.085
86	6	0.086
87	6	0.087
88	9	0.088
89	7	0.089
90	5	0.09
91	6	0.091
92	8	0.092
93	8	0.093
94	5	0.094
95	13	0.095
96	7	0.096
97	5	0.097
98	5	0.098
99	11	0.099
100	8	0.1
101	7	0.101
102	5	0.102
103	7	0.103
104	4	0.104
105	2	0.105
106	7	0.106
107	6	0.107
108	6	0.108
109	2	0.109
110	2	0.11
111	9	0.111
112	4	0.112
113	3	0.113
114	4	0.114
115	5	0.115
116	3	0.116
117	4	0.117
118	3	0.118
119	4	0.119
120	10	0.12
121	5	0.121
122	10	0.122
123	7	0.123
124	4	0.124
125	1	0.125
126	6	0.126
127	6	0.127
128	5	0.128
129	5	0.129
130	8	0.13
131	3	0.131
132	3	0.132
133	5	0.133
134	2	0.134
135	7	0.135
136	2	0.136
137	6	0.137
138	1	0.138
139	3	0.139
140	3	0.14
141	3	0.141
142	5	0.142
143	6	0.143
144	1	0.144
145	5	0.145
146	2	0.146
147	4	0.147
148	4	0.148
149	2	0.149
150	3	0.15
151	2	0.151
152	2	0.152
153	3	0.153
154	3	0.154
155	2	0.155
156	2	0.156
157	5	0.157
158	7	0.158
159	1	0.159
160	2	0.16
161	7	0.161
162	7	0.162
163	6	0.163
164	4	0.164
165	6	0.165
166	4	0.166
167	4	0.167
168	1	0.168
169	5	0.169
170	5	0.17
171	3	0.171
172	6	0.172
173	4	0.173
174	3	0.174
175	3	0.175
176	0	0.176
177	3	0.177
178	3	0.178
179	2	0.179
180	6	0.18
181	1	0.181
182	5	0.182
183	9	0.183
184	3	0.184
185	1	0.185
186	6	0.186
187	4	0.187
188	2	0.188
189	5	0.189
190	5	0.19
191	2	0.191
192	4	0.192
193	3	0.193
194	2	0.194
195	1	0.195
196	0	0.196
197	3	0.197
198	1	0.198
199	5	0.199
200	4	0.2
201	2	0.201
202	3	0.202
203	5	0.203
204	2	0.204
205	4	0.205
206	7	0.206
207	2	0.207
208	1	0.208
209	4	0.209
210	4	0.21
211	0	0.211
212	2	0.212
213	2	0.213
214	3	0.214
215	0	0.215
216	4	0.216
217	3	0.217
218	4	0.218
219	1	0.219
220	4	0.22
221	4	0.221
222	5	0.222
223	2	0.223
224	1	0.224
225	1	0.225
226	7	0.226
227	7	0.227
228	2	0.228
229	2	0.229
230	1	0.23
231	2	0.231
232	2	0.232
233	3	0.233
234	2	0.234
235	3	0.235
236	4	0.236
237	3	0.237
238	4	0.238
239	0	0.239
240	1	0.24
241	0	0.241
242	0	0.242
243	8	0.243
244	0	0.244
245	1	0.245
246	2	0.246
247	2	0.247
248	0	0.248
249	7	0.249
250	4	0.25
251	5	0.251
252	3	0.252
253	3	0.253
254	4	0.254
255	4	0.255
256	1	0.256
257	1	0.257
258	4	0.258
259	0	0.259
260	5	0.26
261	4	0.261
262	3	0.262
263	1	0.263
264	2	0.264
265	3	0.265
266	1	0.266
267	0	0.267
268	3	0.268
269	4	0.269
270	7	0.27
271	1	0.271
272	3	0.272
273	2	0.273
274	2	0.274
275	2	0.275
276	0	0.276
277	5	0.277
278	0	0.278
279	1	0.279
280	2	0.28
281	1	0.281
282	1	0.282
283	1	0.283
284	1	0.284
285	1	0.285
286	1	0.286
287	1	0.287
288	3	0.288
289	5	0.289
290	1	0.29
291	2	0.291
292	1	0.292
293	0	0.293
294	2	0.294
295	0	0.295
296	1	0.296
297	3	0.297
298	1	0.298
299	0	0.299
300	3	0.3
301	2	0.301
302	0	0.302
303	0	0.303
304	4	0.304
305	0	0.305
306	2	0.306
307	1	0.307
308	2	0.308
309	1	0.309
310	1	0.31
311	2	0.311
312	2	0.312
313	1	0.313
314	3	0.314
315	3	0.315
316	1	0.316
317	3	0.317
318	2	0.318
319	3	0.319
320	2	0.32
321	2	0.321
322	1	0.322
323	2	0.323
324	3	0.324
325	3	0.325
326	4	0.326
327	2	0.327
328	0	0.328
329	1	0.329
330	2	0.33
331	1	0.331
332	2	0.332
333	2	0.333
334	1	0.334
335	1	0.335
336	2	0.336
337	2	0.337
338	1	0.338
339	2	0.339
340	1	0.34
341	2	0.341
342	3	0.342
343	3	0.343
344	0	0.344
345	2	0.345
346	1	0.346
347	3	0.347
348	0	0.348
349	1	0.349
350	1	0.35
351	3	0.351
352	3	0.352
353	2	0.353
354	1	0.354
355	0	0.355
356	0	0.356
357	2	0.357
358	3	0.358
359	1	0.359
360	3	0.36
361	1	0.361
362	2	0.362
363	2	0.363
364	1	0.364
365	1	0.365
366	1	0.366
367	1	0.367
368	2	0.368
369	0	0.369
370	1	0.37
371	2	0.371
372	2	0.372
373	1	0.373
374	1	0.374
375	4	0.375
376	1	0.376
377	2	0.377
378	0	0.378
379	3	0.379
380	3	0.38
381	3	0.381
382	1	0.382
383	0	0.383
384	1	0.384
385	1	0.385
386	0	0.386
387	0	0.387
388	0	0.388
389	1	0.389
390	2	0.39
391	1	0.391
392	3	0.392
393	0	0.393
394	0	0.394
395	0	0.395
396	4	0.396
397	0	0.397
398	0	0.398
399	3	0.399
400	1	0.4
401	1	0.401
402	1	0.402
403	2	0.403
404	4	0.404
405	1	0.405
406	2	0.406
407	0	0.407
408	3	0.408
409	0	0.409
410	1	0.41
411	3	0.411
412	1	0.412
413	1	0.413
414	0	0.414
415	3	0.415
416	0	0.416
417	2	0.417
418	0	0.418
419	0	0.419
420	1	0.42
421	3	0.421
422	1	0.422
423	1	0.423
424	1	0.424
425	1	0.425
426	0	0.426
427	1	0.427
428	0	0.428
429	1	0.429
430	0	0.43
431	1	0.431
432	3	0.432
433	2	0.433
434	0	0.434
435	1	0.435
436	0	0.436
437	4	0.437
438	1	0.438
439	2	0.439
440	1	0.44
441	2	0.441
442	1	0.442
443	3	0.443
444	0	0.444
445	0	0.445
446	2	0.446
447	0	0.447
448	6	0.448
449	3	0.449
450	4	0.45
451	0	0.451
452	3	0.452
453	0	0.453
454	0	0.454
455	2	0.455
456	3	0.456
457	2	0.457
458	2	0.458
459	0	0.459
460	1	0.46
461	1	0.461
462	2	0.462
463	0	0.463
464	1	0.464
465	1	0.465
466	4	0.466
467	2	0.467
468	3	0.468
469	0	0.469
470	0	0.47
471	1	0.471
472	1	0.472
473	4	0.473
474	1	0.474
475	1	0.475
476	0	0.476
477	0	0.477
478	2	0.478
479	1	0.479
480	2	0.48
481	0	0.481
482	0	0.482
483	2	0.483
484	1	0.484
485	1	0.485
486	2	0.486
487	1	0.487
488	2	0.488
489	2	0.489
490	1	0.49
491	0	0.491
492	1	0.492
493	1	0.493
494	0	0.494
495	1	0.495
496	0	0.496
497	2	0.497
498	0	0.498
499	3	0.499
500	1	0.5
501	0	0.501
502	0	0.502
503	1	0.503
504	2	0.504
505	0	0.505
506	2	0.506
507	2	0.507
508	1	0.508
509	1	0.509
510	0	0.51
511	2	0.511
512	0	0.512
513	3	0.513
514	0	0.514
515	1	0.515
516	3	0.516
517	0	0.517
518	0	0.518
519	0	0.519
520	1	0.52
521	1	0.521
522	0	0.522
523	0	0.523
524	0	0.524
525	2	0.525
526	1	0.526
527	1	0.527
528	0	0.528
529	0	0.529
530	1	0.53
531	2	0.531
532	1	0.532
533	0	0.533
534	0	0.534
535	1	0.535
536	0	0.536
537	2	0.537
538	2	0.538
539	2	0.539
540	2	0.54
541	1	0.541
542	2	0.542
543	4	0.543
544	1	0.544
545	0	0.545
546	3	0.546
547	0	0.547
548	2	0.548
549	0	0.549
550	3	0.55
551	3	0.551
552	1	0.552
553	1	0.553
554	3	0.554
555	3	0.555
556	0	0.556
557	2	0.557
558	3	0.558
559	5	0.559
560	0	0.56
561	2	0.561
562	2	0.562
563	1	0.563
564	2	0.564
565	4	0.565
566	1	0.566
567	0	0.567
568	0	0.568
569	2	0.569
570	2	0.57
571	1	0.571
572	1	0.572
573	0	0.573
574	1	0.574
575	0	0.575
576	0	0.576
577	0	0.577
578	0	0.578
579	2	0.579
580	0	0.58
581	3	0.581
582	0	0.582
583	1	0.583
584	2	0.584
585	1	0.585
586	0	0.586
587	0	0.587
588	2	0.588
589	1	0.589
590	1	0.59
591	3	0.591
592	2	0.592
593	1	0.593
594	1	0.594
595	1	0.595
596	0	0.596
597	2	0.597
598	1	0.598
599	2	0.599
600	4	0.6
601	0	0.601
602	0	0.602
603	1	0.603
604	1	0.604
605	2	0.605
606	0	0.606
607	0	0.607
608	0	0.608
609	2	0.609
610	1	0.61
611	0	0.611
612	1	0.612
613	1	0.613
614	0	0.614
615	2	0.615
616	0	0.616
617	2	0.617
618	2	0.618
619	1	0.619
620	3	0.62
621	0	0.621
622	1	0.622
623	1	0.623
624	2	0.624
625	0	0.625
626	1	0.626
627	0	0.627
628	2	0.628
629	1	0.629
630	0	0.63
631	1	0.631
632	0	0.632
633	1	0.633
634	1	0.634
635	1	0.635
636	1	0.636
637	0	0.637
638	0	0.638
639	2	0.639
640	0	0.64
641	1	0.641
642	1	0.642
643	2	0.643
644	2	0.644
645	1	0.645
646	1	0.646
647	1	0.647
648	0	0.648
649	3	0.649
650	2	0.65
651	1	0.651
652	1	0.652
653	0	0.653
654	0	0.654
655	1	0.655
656	2	0.656
657	1	0.657
658	3	0.658
659	0	0.659
660	1	0.66
661	1	0.661
662	0	0.662
663	0	0.663
664	1	0.664
665	3	0.665
666	1	0.666
667	0	0.667
668	0	0.668
669	1	0.669
670	1	0.67
671	0	0.671
672	0	0.672
673	0	0.673
674	0	0.674
675	2	0.675
676	1	0.676
677	0	0.677
678	1	0.678
679	0	0.679
680	1	0.68
681	0	0.681
682	2	0.682
683	1	0.683
684	0	0.684
685	1	0.685
686	1	0.686
687	0	0.687
688	0	0.688
689	0	0.689
690	1	0.69
691	0	0.691
692	1	0.692
693	1	0.693
694	1	0.694
695	2	0.695
696	0	0.696
697	1	0.697
698	1	0.698
699	1	0.699
700	2	0.7
701	2	0.701
702	1	0.702
703	0	0.703
704	0	0.704
705	0	0.705
706	1	0.706
707	1	0.707
708	0	0.708
709	0	0.709
710	0	0.71
711	1	0.711
712	0	0.712
713	0	0.713
714	3	0.714
715	0	0.715
716	1	0.716
717	1	0.717
718	0	0.718
719	0	0.719
720	2	0.72
721	2	0.721
722	1	0.722
723	1	0.723
724	0	0.724
725	1	0.725
726	1	0.726
727	0	0.727
728	1	0.728
729	0	0.729
730	0	0.73
731	1	0.731
732	0	0.732
733	0	0.733
734	1	0.734
735	0	0.735
736	3	0.736
737	2	0.737
738	2	0.738
739	2	0.739
740	0	0.74
741	2	0.741
742	1	0.742
743	1	0.743
744	0	0.744
745	2	0.745
746	1	0.746
747	1	0.747
748	0	0.748
749	1	0.749
750	1	0.75
751	0	0.751
752	1	0.752
753	1	0.753
754	2	0.754
755	0	0.755
756	0	0.756
757	0	0.757
758	1	0.758
759	1	0.759
760	0	0.76
761	1	0.761
762	0	0.762
763	1	0.763
764	1	0.764
765	0	0.765
766	1	0.766
767	0	0.767
768	0	0.768
769	0	0.769
770	1	0.77
771	0	0.771
772	4	0.772
773	0	0.773
774	5	0.774
775	1	0.775
776	1	0.776
777	1	0.777
778	1	0.778
779	1	0.779
780	1	0.78
781	0	0.781
782	1	0.782
783	0	0.783
784	1	0.784
785	1	0.785
786	1	0.786
787	1	0.787
788	2	0.788
789	2	0.789
790	2	0.79
791	1	0.791
792	0	0.792
793	0	0.793
794	1	0.794
795	0	0.795
796	1	0.796
797	0	0.797
798	1	0.798
799	0	0.799
800	1	0.8
801	0	0.801
802	2	0.802
803	0	0.803
804	0	0.804
805	2	0.805
806	0	0.806
807	2	0.807
808	0	0.808
809	4	0.809
810	0	0.81
811	1	0.811
812	2	0.812
813	0	0.813
814	4	0.814
815	0	0.815
816	2	0.816
817	1	0.817
818	2	0.818
819	4	0.819
820	2	0.82
821	1	0.821
822	0	0.822
823	0	0.823
824	0	0.824
825	0	0.825
826	0	0.826
827	1	0.827
828	0	0.828
829	3	0.829
830	1	0.83
831	3	0.831
832	0	0.832
833	1	0.833
834	0	0.834
835	1	0.835
836	3	0.836
837	1	0.837
838	0	0.838
839	0	0.839
840	1	0.84
841	0	0.841
842	1	0.842
843	1	0.843
844	0	0.844
845	1	0.845
846	0	0.846
847	1	0.847
848	1	0.848
849	1	0.849
850	0	0.85
851	0	0.851
852	1	0.852
853	0	0.853
854	1	0.854
855	0	0.855
856	0	0.856
857	1	0.857
858	0	0.858
859	0	0.859
860	0	0.86
861	0	0.861
862	3	0.862
863	1	0.863
864	2	0.864
865	1	0.865
866	1	0.866
867	0	0.867
868	1	0.868
869	1	0.869
870	2	0.87
871	2	0.871
872	0	0.872
873	0	0.873
874	0	0.874
875	1	0.875
876	0	0.876
877	0	0.877
878	0	0.878
879	0	0.879
880	1	0.88
881	1	0.881
882	0	0.882
883	0	0.883
884	1	0.884
885	0	0.885
886	0	0.886
887	0	0.887
888	0	0.888
889	0	0.889
890	1	0.89
891	0	0.891
892	0	0.892
893	1	0.893
894	0	0.894
895	1	0.895
896	0	0.896
897	1	0.897
898	1	0.898
899	1	0.899
900	1	0.9
901	1	0.901
902	1	0.902
903	0	0.903
904	0	0.904
905	1	0.905
906	0	0.906
907	2	0.907
908	0	0.908
909	1	0.909
910	0	0.91
911	0	0.911
912	0	0.912
913	0	0.913
914	0	0.914
915	1	0.915
916	1	0.916
917	0	0.917
918	0	0.918
919	2	0.919
920	0	0.92
921	1	0.921
922	1	0.922
923	1	0.923
924	0	0.924
925	2	0.925
926	1	0.926
927	2	0.927
928	0	0.928
929	3	0.929
930	0	0.93
931	0	0.931
932	0	0.932
933	0	0.933
934	0	0.934
935	1	0.935
936	1	0.936
937	0	0.937
938	1	0.938
939	0	0.939
940	0	0.94
941	0	0.941
942	0	0.942
943	0	0.943
944	2	0.944
945	1	0.945
946	1	0.946
947	0	0.947
948	0	0.948
949	0	0.949
950	1	0.95
951	0	0.951
952	2	0.952
953	0	0.953
954	2	0.954
955	2	0.955
956	0	0.956
957	0	0.957
958	0	0.958
959	0	0.959
960	2	0.96
961	2	0.961
962	1	0.962
963	0	0.963
964	0	0.964
965	0	0.965
966	2	0.966
967	1	0.967
968	0	0.968
969	1	0.969
970	0	0.97
971	1	0.971
972	1	0.972
973	1	0.973
974	1	0.974
975	0	0.975
976	0	0.976
977	0	0.977
978	0	0.978
979	1	0.979
980	1	0.98
981	0	0.981
982	0	0.982
983	0	0.983
984	0	0.984
985	1	0.985
986	2	0.986
987	0	0.987
988	2	0.988
989	0	0.989
990	0	0.99
991	1	0.991
992	0	0.992
993	3	0.993
994	0	0.994
995	2	0.995
996	0	0.996
997	3	0.997
998	1	0.998
999	0	0.999
